id,age,femalegender,covariate1T1,covariate2T1,covariate3T1,covariate4T1,covariate5T1,covariate6T1,covariate7T1,covariate8T1,outcomeT1,exposureT1,covariate4T2,covariate5T2,covariate6T2,outcomeT2,exposureT2,outcomeT3
1,39.14369396699439,1,0.1877893997499208,-0.531305233692426,-0.49167112368108307,0.18758804997396106,0.15376461143737002,0.6739141706103112,-0.6431047271183872,0.3854670904204737,-0.6650577644518654,0,-0.033034581029754595,0.7119597137349749,0.2719097045309546,0.16072335889143555,1,0.9356635107986799
2,59.97345446583586,0,1.482163456708382,-0.8822874066874408,-2.131139717082245,-0.4934837872779286,-0.44962045474360723,1.181212600271591,-0.38329669362303537,-1.6033879083739124,3.2401786179863503,1,-0.35437396375056623,-0.42642485405007063,1.6883749868120246,0.48064925458914426,1,3.518035098808797
3,52.82978498051992,0,-1.031913422999302,-0.16575947096313604,-1.4573505413880912,0.8858635227934917,0.06099388915212039,-0.4068897330034471,0.2607281596355242,-2.1451942953155974,0.8976102795649771,1,2.1525452197090194,1.193142693392252,-1.1617059807332688,2.051128980855635,0,-0.701773275853063
4,34.93705286081908,1,-2.6379224872883786,1.5710702779648078,0.07986249838106642,1.464994401181869,-0.14270602805707525,-0.08414336961712642,-1.3912392369026498,0.20556968100238737,-0.5714892291224738,0,1.9412044930651806,-0.7522318913085027,0.39361497306586657,-0.30158088269173,1,1.2434963240907306
5,44.21399748031464,1,1.6006241393333227,-1.362288161879607,-0.7397793042016025,-1.666634429391948,1.3951383005909885,0.20430600072289873,-1.9304135428271567,0.8727983519230039,2.2634952895044935,0,-3.080315719461912,1.614104835445135,0.9387960657710437,-0.6332532852320972,0,0.6738588876189434
6,66.51436537097152,1,-0.7916622366385611,-1.513273001258948,-0.2469195291832666,0.5269635784820959,0.6666123781158404,0.16734480032983864,-0.8821385264467445,1.782801249774778,1.1856455150741994,1,0.6986270771540284,2.461244062459304,1.6422559836238526,-0.19193628004240393,1,1.9607568882579962
7,25.733207566069257,0,1.1224996962225864,-2.0455203260796075,-0.04447648514582007,0.4163261505587232,-0.1012094741139103,-0.752669583538357,0.5085234408034933,-0.07866632653592574,0.6590173584432312,0,2.2089457527807843,0.26622611786034156,-0.6544523764671009,0.017798024188048878,1,-0.036806375943587155
8,45.710873711438225,1,0.6519133002708244,0.09425929456099541,-0.033888776672434374,-0.16189559732475267,-1.3470340020655078,-1.5777098610081053,-0.7080120217959064,0.035595049803200975,1.1542964124013126,1,0.6551633988126417,-2.1526794033759504,-0.9405897682367163,1.3568020654605428,1,2.415485805543076
9,62.65936258705534,0,-0.21668679803272145,-1.6992412072962284,-0.03922360792667036,-0.9783028452474178,-0.45426051976890847,0.25665038454223865,-0.6068959419362634,-0.721176983353537,1.7362397192789625,0,-0.7590903052155289,-0.22219571167649055,-2.1488987916837976,0.7834131914798615,0,-0.0018399991042809447
10,41.33259597734899,0,0.38034478964435503,1.1909001009233136,-0.1780847558598935,1.7459405408300674,-0.4666333056900287,0.39597283311674863,0.3464104497051304,0.34569264684307194,-0.7261559038533649,1,2.1978393407539087,-0.48211743335530305,-0.2832978662634391,2.502764725619444,1,2.2830265490982704
11,43.21113848377946,0,-1.1405342643634924,1.6407971132343124,1.6141906281385088,-0.17713836373724542,-1.5262939234525192,-0.6818186698277682,0.004720052325374053,-1.264183567699709,0.992468182197082,0,-0.7247041895469599,-1.4721465075870557,0.3439688812046253,1.1543375877520208,1,0.3586383961322402
12,49.05291031063109,0,0.08589715439278962,-0.13684290876556912,-0.3583645244142332,1.7432117045959954,0.7814075094805741,1.2008490650742811,0.21056891809272724,0.5740307610796449,2.1698069039570904,1,3.726415669010767,1.693571194056687,1.164562269586989,0.7322554112316504,1,2.215346136440132
13,64.91389626124288,1,0.5940402047853834,2.3930793085599738,1.1064844844236503,0.8827284368781454,-1.3879896820757254,-0.5554800264059386,0.4268413569806273,-0.11642182231235348,1.6728574837926142,1,1.5818238908367244,-0.7340207931921885,-1.4280877782347945,2.4027481996005604,1,2.699184284016624
14,43.61098003315349,1,-0.7743327263365275,0.23350081229625275,0.2071693830097103,0.05907440772542088,-1.393080224952067,0.7676553883977615,-0.40139663063632064,-0.8253868246123702,1.8105584089687405,1,0.6266843199316798,-1.0094599290502897,0.8051721734441372,0.48514313838134543,1,4.583798420187193
15,45.56018040353935,1,-0.38029109711168085,-0.5049027901208726,0.9543392307769522,-0.17144118426829946,-0.747972765318633,0.7415212795810842,-1.19586812843292,0.46648952884405087,1.8471458866457735,1,0.14662888616525982,-0.9791838076655928,0.6086327363145444,0.2940394339154663,1,3.3359655982820833
16,45.65648724381482,0,0.31259351975132244,-0.5213258929857335,0.5588924751726789,0.1864297081539847,-1.150258494936139,-1.6504730874414022,-1.5391983638580031,0.6874857587844413,0.7223907562753544,0,0.7261655923260306,-0.3416197781811928,-0.6160324053410402,-0.5412570635013242,1,0.6159686230531289
17,72.05930082725456,0,1.3232737096546197,1.4329526607584033,1.1380097895296437,0.5302946399938813,-0.3999786656435588,0.8173680101617661,-1.6623485423467272,2.2603048181641934,4.616184467178508,1,-0.026641020103637114,-0.09852511580092378,-0.5342710010298295,-0.38376798565447,1,0.8879898240846644
18,71.86786088973787,1,-0.0031548398727755888,0.7928090598665757,2.540514262092679,0.18266094771323832,-1.4331891718586902,-2.385322917105759,0.674079957799862,0.16743045796792125,1.5783477555746122,0,0.49648248876026085,-1.2850906497386123,-0.76062231628044,-1.0182130000406375,0,1.2421671933437177
19,60.040538978788774,0,-0.4306598446089692,-2.030271053184635,-0.0827064179269598,-0.4062516124318207,-0.37011037887210235,0.2553829316861028,-1.652091388866517,-0.256742439610012,1.7362088540352358,1,-0.4701047048533771,-0.23336518626582167,-1.4850071561467513,-0.6069853118543465,1,3.0274731993623343
20,53.86186399174856,1,-0.14641577453445143,-1.8802175725287482,0.4446213379749242,1.0997659932915054,-0.2843515748030514,-0.781336574982637,0.706091257684772,0.3067836248236617,-0.19197478243867194,0,-1.0080782407728968,-0.24888329966948852,0.602175366554952,0.6839555445405432,1,2.099539113365896
21,57.373685758962424,0,1.160175947005379,-1.4694702873847378,1.8964039068403478,1.6640582004905071,0.3738878646798299,0.1109293187084081,-0.5423753331201235,0.3178858127279121,1.8845300353102388,1,1.5108512708242479,0.1878056530546594,0.24735984833736882,-0.15199111995319026,1,3.7579829817539885
22,64.90732028150799,1,-0.6415123358314557,-0.5926075275723277,0.23758056090870416,-0.02132687350205597,0.2630295694885706,1.1905514029006674,0.4094205280754432,0.038884653359434,1.9334338237060718,0,-0.9802263255623137,-1.9612493274267973,0.5761492479469391,1.1350785736360869,1,0.2526744778457022
23,40.64166131597609,1,-0.300232397105865,-1.298880621783074,-2.643424963649414,0.15774938923241028,-0.2240789545124897,0.5616232749772755,0.49080985219319706,2.5198101091767513,1.3470040356031936,0,-0.3866569011316808,0.2764483062691575,0.3106635192250542,0.6628309237122985,1,-0.9072269279506835
24,61.75829044782103,0,-0.6322607782348555,-0.7645780100521028,-0.4489909346763357,0.7513756946500728,0.3388397721396383,0.5712059918672222,-0.15313075245501298,1.3276082749483085,1.724930564305135,0,1.2931500469850086,1.6728917548095408,1.7959045109418939,0.7848161968580654,0,0.5579562063048095
25,37.46119332250988,0,-0.20431653477724301,-0.8227859336195682,-0.35890716735216516,-0.33873204979154886,-0.27152756708391185,0.9835073542541266,0.380914543550103,0.9794035013782281,4.4077920509501975,0,-0.9755466902658951,0.596515440899591,1.4775075392531114,0.4648347313774258,0,0.44446010863719587
26,43.622484975465895,0,0.21369560233776932,-1.1205077016626495,0.1331940106882053,-2.0952380654491045,1.3655309144915346,-0.48022742172386546,0.2946721653875482,0.17693134301694735,2.878404840399902,1,-1.8349978985681896,1.8155100647029878,-0.9193734426781008,-1.0749327265550497,1,3.0238123475217846
27,59.07105195800301,1,1.0338782015211176,2.1195187100513055,-0.6442418462212993,0.1545960535029565,-0.7373738072877476,0.537996000445648,1.0708481201157989,0.17648433531247792,3.0000790495370215,0,-1.124621631185859,-0.29691860007992155,1.9211764959651796,-0.9823125104093063,0,1.1809365255178903
28,35.71319299774031,0,-2.1245752847438957,1.4192239460189604,2.3173697658476766,1.0779192549243266,-0.5668153443400846,0.13512380660254258,-1.384557846896822,-0.5089399288290712,0.4118900479001413,0,2.0893926296563325,-0.13389080206579884,0.743301647668335,1.3546345247455631,1,1.8425223348626791
29,48.59931279811334,0,0.5554889157620354,1.7799685657465616,2.1837204419283545,-1.2961342320594944,0.0007365866624636629,-0.4770080779796825,0.17426894407295282,-1.567114604111541,0.9579564164239748,0,0.376101651485087,1.2759218444442268,-0.6782079776977602,1.2655785219423152,0,0.920229181054645
30,41.382451041403144,1,-0.8915898824001487,1.6784014352544314,-1.6289714216012923,-2.160763416720832,-0.7630643491165816,0.32227297541695205,-0.515209831167426,-0.04956560382014495,0.7971394143855496,1,-1.0710687374601282,-1.4250475422305697,-0.060624861962822185,1.3800564660581007,1,2.9108754863734037
31,47.44380629469403,1,0.5930700051303133,-0.07084835857881062,-0.92483100348523,0.5960409344494073,1.285175328524914,-0.7602788591378151,-0.6101571065377178,0.0016104875204589438,2.699483730482773,1,2.303787921661418,2.5211353152910347,1.1970175727734609,1.8891031103191924,1,3.2656890933356015
32,22.014108945392756,1,1.2396349893012046,0.11064934402315901,1.0580881398499107,-1.0048988671529198,0.6253339871463351,0.5882338167145896,-0.5283018235547621,-0.4168364474755136,1.44467168994088,1,-1.01117170384731,1.8073815680468441,2.632376361152539,-1.521774557415953,0,2.1014191833429274
33,32.284668954901534,1,0.9955950119998253,-0.9276391278013848,-0.8143352346431149,-1.4037046625681597,0.6930612915311469,-1.3532377706591237,1.2742889011134253,1.10361506002589,1.9346533350200674,1,0.05937705004699034,0.29332244902278215,-0.8639940760120486,0.652659183837827,1,2.3714463619468837
34,43.00122765402082,0,0.1579587801589276,0.1483766909603271,-0.4115585619722715,-1.1814373344020124,0.5282399141577604,1.367577554787857,-1.4022058307045941,0.3938982043083534,2.0741991541216986,0,0.41990450527246415,0.2606937582840732,0.9592628117456112,0.37243890956585946,1,0.6643415164107089
35,59.274624317585825,0,0.8344989339590665,-1.000259278972185,-0.7882128895591243,0.3299129392917001,0.7194388661990821,-0.362653809703414,-0.17140893997274476,0.18517944173444817,3.8631335117881758,1,0.5749319714898627,-1.705211448569387,-1.102824126823854,1.7561752044281715,1,1.6443529925865183
36,48.263643172097844,0,-0.9433839363906805,-1.6023935952933606,1.408547559684074,1.3058775434382666,-0.7058763625852434,0.4542912185653406,-0.6735196333936562,0.46487922272096766,0.14070540944270404,1,1.0338177124370924,-1.9176819574995634,2.5243224632377306,0.4318616296699379,1,0.8624132573642518
37,50.02845915896811,1,-0.06783008579806996,-0.7670276139435719,-0.07204290816401379,-1.3675466366328504,0.5006184691909255,-0.43806639678163645,0.8508404095749232,-1.1979843524066378,1.7876259074106642,0,-2.113690304107993,-0.10277468939749113,-1.727819098755583,-1.419791205346467,1,0.42743092918029396
38,56.88222711102285,1,1.5194710966809868,0.8721457750309503,1.255251472924187,0.21055925009905277,-1.07696841807425,-0.7626320517363712,-1.0067607598998929,-0.29451746499062637,3.380254483449407,1,0.5797246357759586,-1.313554064797202,-0.44592307332291836,1.042402826447814,1,3.296329955607725
39,41.20463656990948,1,-0.7892555297763586,0.09699138283220839,-0.5784963228456211,0.2957876407046974,-0.9423429632514149,-0.09429979727740867,-0.2784679082358307,-1.0088498319548624,-0.4595850433002049,1,-1.9324043345602475,-0.9964614212704037,-0.2616483988963758,-2.733481530208798,0,3.114178089991329
40,52.83627323807291,0,0.19726916503940956,0.6028525993584475,0.7974902492313063,0.20982893290789154,0.37710916360554636,1.5542492478925283,0.9309030223009878,1.0008122247352351,0.535244306157808,0,1.9899515906748455,1.0783639820632978,2.2562914966962153,-0.5256072955436397,1,0.31622592639880065
41,41.946334819343846,1,-0.3691753722778006,0.017095653779809244,-0.26368707660120866,0.6304287153225703,-0.04788126905742275,0.030296950537418516,0.9467724529110824,-0.6350884025169857,0.5216888269604935,0,1.402042205812883,0.39320579594939103,0.9708773034377585,1.782121917499007,1,1.8954749744859813
42,32.723305058793926,1,-0.19510847021258867,-0.918714268817523,0.19249368549538745,-0.024558445173787132,0.25336544138964817,-0.8374441218131471,-0.17421890370596946,-1.31236177378189,-0.15744555590156362,1,0.6384196436136453,-0.8935481486403422,-1.1540929032627487,-0.595590156108416,0,1.1931595913775903
43,46.09100206244899,0,0.4060711951465114,0.5194774237194556,-0.42885704102448446,-1.4305252039333942,-0.5730322746207765,-1.773144756040286,-0.003203151292021889,0.295092788484285,2.4221148107555748,0,0.2874840416320128,-0.40563538147850703,-1.9226734114242572,0.659050738455549,0,0.05033438511877976
44,55.73805862405058,1,-0.26951890521340593,0.09483236743240883,-0.2596590621669076,0.2366641544935165,-0.7430841455442292,0.06370120215704382,0.6150135801711502,1.2461179022840303,2.4759328087080874,1,1.383574639787352,-0.9142754325305454,1.3617066210717002,2.6592770437186957,0,1.770838064274803
45,53.38589050999801,1,-0.003409146538131313,1.3159114410618205,-0.09128305053566811,1.0441058832182968,-0.3579566185618261,0.11604924592311858,-0.09830697838893224,-1.3319138993756119,1.195291238423011,1,0.12279770710016491,0.07425032972052711,-0.17518434067404182,-0.45813821018997375,1,1.5733132184140106
46,49.8816950552118,0,-0.5045832696124614,1.3549777719079361,0.25019795844035797,-0.26060177526400236,0.060272186884323495,-0.8362855992952734,-0.7876810835489598,1.0643452643338114,0.8799600346997962,1,-0.597756008096633,0.6366421271674241,-0.8944781526390778,1.4310470659963572,1,3.6634509735759053
47,73.92365265937727,0,-1.8250283251709292,-0.29631806753763196,0.7835514266294463,-0.8267598736180959,-0.3393700131069855,0.5778982872547157,-1.4529481515698612,-0.17530902675306692,2.2757928236175373,0,-0.34004688601908667,0.15899165796221637,1.1438855396153182,-0.11563324922970408,1,0.34355690257391536
48,54.12912160308779,1,0.19309412822875205,0.12129732537833084,-0.9523538731805649,0.8069800937302603,0.8288172465344351,0.20111072390603138,0.18214503844219682,-0.6740771599796749,3.4735285671360607,0,1.8136248665333672,1.4123827126622284,1.651255494346047,0.8334820722786296,0,-0.448409029115292
49,59.78736005937347,1,0.43947003665123624,-0.8953309048882414,-1.3216550856107556,-0.5347931384541571,-0.31945079250156266,0.06884068621860447,-1.125066766469587,1.463047614088335,3.8713930364029197,1,-0.010886564734721216,0.42100583781592205,-0.6930175473983738,2.6182823901263346,1,0.8457962497393758
50,72.38143338497953,1,1.3821734642040504,-0.8597750696760593,1.2611309221644549,-0.25596589533419034,-1.6003036964761763,0.3192441470889647,0.2364529807872859,1.2067056936840819,3.5196807854974166,0,-0.46387318997362537,-0.649374496994498,0.5511338650587341,0.8568794610789128,1,0.9811522537092642
51,37.059146768387514,1,-0.13186546313703731,-0.5765605513623797,2.040316692122185,0.8338284944320542,0.42960760461446224,-1.2071861488728541,-1.0693731128619823,-1.187819338465671,2.4854000311011637,1,-0.2566135412078667,1.3625787844588015,-1.0508539126778254,-1.0932301996428226,0,1.1608594489856459
52,39.61211789795047,1,-1.3947085314093688,0.49208566575096496,0.9618404054928104,0.5744842316728124,1.1632693045991065,0.23870449570317454,0.21129200763949138,1.216812875105273,1.3493079505322723,0,-0.7660297798696444,0.5702669718394762,-0.551350681063567,-1.1104181159985056,0,0.6640098520041504
53,67.43712225122931,1,-0.7540081940732426,-0.5202031702569895,1.3086882607455315,2.371879046146901,0.4590409919421393,-0.03150616591170502,-0.6062761477433282,0.2643905360946927,2.2206176199263243,0,1.6054875614523603,1.5898649577253043,0.20640931524221048,1.986869555975452,1,1.1013256962447135
54,42.01937264758938,1,0.5403923453392317,1.5453903199425532,-0.3717392975534392,-0.3935108646298141,0.8516356723741152,1.1143479907437688,-0.7385090640049952,0.3083953173814414,2.3966054512109096,1,-0.5022576765683446,1.3396782630702213,1.780392340450712,1.2146186224785358,1,2.9164741712313824
55,50.296832303033305,0,-0.08452951063307515,0.47347390905689335,0.6159754135469703,1.1363769382004454,-0.8417919807631261,-0.5810345105682193,2.043196419223595,-0.8060589811145747,3.1181187317889867,0,1.0546321691648894,0.09873008265931627,-0.6528068554892612,1.9300237491592194,1,1.2521398364332832
56,60.693159694243484,0,0.27929088415876474,-0.26854654852732796,0.4338666115887293,-0.8687960480332129,0.332520383647968,0.6531092716566073,-0.3035807774941675,-0.3759489322020668,3.457357234236692,0,-2.765239953279447,0.6691341968008941,1.2383680915242696,-0.8129013089268964,0,-0.763561305427544
57,58.907063912931704,0,-0.3530801384877145,1.015787715984614,0.1748488349717822,2.11869262818795,0.5802088347148487,-0.012957832419112336,1.324854926453383,1.6102610183547807,3.074837719413411,1,2.935341703251578,1.321745121703671,-0.1337674171148727,2.2474196914491755,1,2.6125174792663484
58,67.5488618198111,0,1.8698089140811711,-0.7349222949495545,-0.8495056039615826,1.4568519919339915,-0.05007625303264939,0.9571857281524793,-1.785547461099928,-0.6439641277032282,3.8395880863049534,0,3.5083469531387834,0.38503378512319375,0.005604500539741375,2.847871487221862,1,1.0011092020828019
59,64.95644137033469,0,1.7279880112814927,-0.6443529656043715,-1.6194959363546872,0.7709876332793575,-1.2463796838950771,2.4804517290779455,-0.7534178706474471,1.4336317130888054,0.8982052060883652,0,2.0135192340765378,-2.3884826467020392,3.0887604374323923,0.5718704438263464,1,-0.7054748418276515
60,60.693926697057364,1,-0.9315956254532881,1.347259480921411,1.2434330939582705,-1.3381489761543617,0.11086790947159646,0.30839345386145817,1.2007939723685426,2.7710772935914476,0.9976244197837214,0,-0.2757530207430763,-0.4061358531013111,0.5628634866069602,-0.9765559992020529,0,0.11160888700333887
61,42.272912857528084,1,0.9090309931108516,-1.306612247675978,0.7813188282417818,0.5431201658029478,1.3706107523605338,-0.5678159168006982,-0.5503021381192833,-0.7027100990195628,0.8681369862205482,0,0.6073705499111359,0.9197345930493425,-1.7677123826213001,1.2239042864051597,1,1.4558133059025469
62,57.94862667793218,0,0.30406238981478706,-0.14964236569858064,-0.6587588614889104,-0.6883150211794117,-0.4949764697664918,0.17673249330834395,0.6257097435624431,0.5677993756592064,0.5120133020493736,1,-0.066808752432722,1.1764809266710154,0.6298325267733528,0.47877018175934893,0,1.0979087879847846
63,53.14271994506867,0,0.013559525289671644,-0.37960500379001677,0.35318629520252165,0.737626044856922,2.1371868937453327,0.49999000690972284,-1.716381959083276,1.0727742217106202,1.616687965313396,1,2.0470988800521996,5.293900965492776,1.3447094933070103,0.9767282380548765,1,2.0842297980997975
64,36.737345400595444,1,-0.8596879893441806,-0.7335952993672727,-0.4563040611108977,0.17259248376904823,-0.18069822750915052,-0.5187711440468057,-0.0862074340651499,0.1825925872892604,0.3541147126917441,0,-1.7468873550975035,-1.4628496005661613,0.19236787215104623,-0.29968616576755996,0,-0.6081528479083975
65,64.17299046476853,1,1.6215306334476487,0.9858149188095456,0.9304118455611394,-0.16926623998040022,0.36792954484252427,-0.2460560783037976,-0.5262847635755152,-1.6107196995815227,1.6379067360944801,1,0.8696657453463313,0.9216674382392168,1.4441104495640873,3.0243656736998847,1,2.888728432411332
66,58.07236534578566,0,1.1652583411657258,0.862553522129234,0.5302604253722791,1.959287149590993,-1.0139132663702677,-0.35623852884921997,0.4844223841614962,0.11876775468071497,3.1782530877872404,1,2.0053801675809204,-1.9133069099152267,1.1983603317850458,1.6874643287430011,1,1.1972131012585494
67,50.454900806310974,0,-1.4571000526191356,0.6772141661015563,1.5502086771286876,-0.8266891820620051,-2.16764246110644,1.4770112425895392,-1.0132568450668047,0.6817962492743699,0.2086344588189285,1,-0.7096419162312182,-4.280827570350196,0.6944701396043148,-1.2082935563395665,1,2.158716190163068
68,47.669079390155865,0,1.3834913082593199,0.023017602641806634,0.13025670870206876,-0.5106883799649824,0.9098647173663688,0.061432083773245355,-0.9518241805116,0.8968134574747428,2.204653051340073,1,-1.6474058002383851,1.9120298559564946,1.5470491083990998,-2.2530048887262146,0,2.85730657023118
69,38.01698855299213,1,-0.03837827035238455,0.6416604579846625,-0.08143372749047748,0.7417946318117464,0.6070224078622846,0.46877808597380083,0.5011641030573825,-0.9803700130868691,3.1557119306275068,1,0.11088688125174828,-0.6749891861765247,0.2568375459772175,-0.25774738547001497,0,1.9557379330782405
70,51.99524073558633,0,-0.5977905740428394,-2.0021991143415847,0.042532870851657814,-0.5738547531289939,-2.8756744231329834,-1.0522264431749961,-0.04423989157211557,0.393351112417591,0.7166370485856737,1,0.029577626931910295,-2.004047421994189,-0.08790126925366626,-0.525415995497452,1,1.8569146379104384
71,54.684391194456445,1,-0.976577764577765,-0.40472337195382346,2.7995239467496775,-0.537203338943635,-0.22810727751243898,-1.2766132144764206,1.1105834988039187,0.3762055377202566,-0.340430341504369,1,-0.47310286022060233,-0.8130726750532575,-1.224514442185827,1.2213038968165706,0,1.835835320935964
72,41.68845015756721,1,0.9448203118607358,0.03746478953583978,0.689504994012276,0.9406020304272746,-0.4109212003354899,-1.2639453597178323,-1.2239387656563656,1.6349935400672417,3.1252766455149876,1,0.30437444425953,-0.5125665936950936,-1.0978703058935595,-0.31137376397599903,1,1.2819791163777166
73,61.62204049099529,1,0.3998955214355069,-0.5895397506221342,0.11245984220853249,0.9260633865276456,0.8868036535868221,0.22400354958736277,0.4902704791502692,1.110933412565006,1.0051949294719114,1,1.4895020056519859,0.788608045399154,1.5711903726949605,0.5340127018426688,1,3.3808411122760624
74,39.02796953516966,0,-0.8741463202683905,0.18577507761740789,0.9053425169086108,1.9601647774257809,0.7012553496247458,-0.7998292563562397,-0.27953553960768907,0.3965688423145973,1.048497260347386,0,1.5148883577093653,2.047194775562553,-0.49972805691519695,0.6262606879621241,1,1.045535183320835
75,28.768996499575582,1,-0.8110977883309515,2.382441386002872,-0.23335567332422907,0.6326922409590531,-0.9648619255341817,-0.8744844053940205,-1.6236813493233155,1.538979004557286,-0.7998726001400744,0,-0.586035786890225,-1.7391700624672004,-1.211243362623673,-1.4602734619042521,0,-0.06152806782505387
76,60.397270908927005,0,-0.38752310361359904,0.11267519820178724,0.3582550516744215,1.0940597517770074,0.9732873480541646,0.589997370085439,0.005024608174503817,0.7121698200157003,2.1444436141477796,1,3.5767970801594595,-0.3175984341789657,1.4247293022607574,1.4827059575043529,1,1.4297147948776416
77,45.96633961897892,1,-0.5125060456403828,0.41134160259603253,1.0175609783689143,0.051867184851589164,-0.03807892498586865,0.9777030067201123,-0.8742928753408464,-0.44332636516079243,-0.42548696221319804,0,-0.535359244622254,-0.29417703599878653,0.7416473374411507,-1.314480705685217,1,1.0002286816265362
78,48.73970414686985,1,0.5277803121526269,0.20273818513729727,-2.5847444565031195,-0.21852001108812893,0.10337361090766989,-0.6611501563948998,-0.3405203922223681,0.5085941171379503,2.568954713282909,1,1.258895722727952,-0.0713873610423823,-0.9081289204615676,2.1433143585500574,1,1.7234267774520373
79,41.62483277174947,1,0.3787369930838098,-1.1980438477854456,-1.3208782026430181,0.19411576877928782,0.4569236653987278,-3.570242767576571,-1.8922810942220172,0.03903299168306263,0.1815356371797232,0,-1.0250254918298014,0.47098470356890626,-1.6390191350654566,-1.1176277338562968,0,-0.8708922122456728
80,33.94037239282597,0,-0.6356499028604752,-1.4880510172343409,-1.2429549232843797,-0.5314801690700084,0.8610272477574598,-1.3690377193770356,-1.36009744350419,0.5599393561057999,1.651273153839027,0,-0.18332457533617647,0.8446366439764267,-0.9798509244218934,2.0922315118016126,1,-0.17064247635289065
81,62.552373747242186,0,-1.6575094247749238,-1.6201813260955014,-0.33728940152210524,1.1661993826631514,-1.7591379950828423,-1.7228097540475062,0.9679565911569656,2.16238167109692,-0.0988624440013448,0,1.6198738831813917,1.5091165459367337,-1.5937605281733642,0.6912022072958972,1,2.2553978193794517
82,43.11131016153078,1,-1.3339992668497576,0.2810738993212392,-0.34902139875602856,-0.7867812923078943,-0.9075729532439828,1.5734325125552595,0.5890751164083836,-0.5031171048165761,1.3629624926446615,0,0.4576458375041881,-2.04799019138894,0.36147814790621835,-0.24450991594828486,0,-2.3160825495653836
83,66.60952488147939,0,0.8700555088304502,-2.0393628100683245,0.4565150330592349,0.8066101187590494,-1.3697817631255595,-0.3069562798043058,-0.8020380432216502,0.8000148109316011,2.258802243158375,0,0.5151399715401256,-2.271227924046375,-0.8374455715864735,1.8916088298829883,1,1.5174354404114312
84,58.07308186210729,1,-0.9948104735409704,0.6428646746271166,0.6720997703096862,2.081628366235521,0.5501470419064535,-1.1141652686888301,0.4341385403601554,1.5819082745196975,0.4411912860376461,0,2.212919373691336,0.38009250458210514,-1.3608581787606218,0.7468260742974802,1,1.0580768561510003
85,46.8524185328254,1,0.11113519887059527,-0.20213555333894795,1.4744170911094723,-0.0646902670776662,2.2516422733429167,1.7038638053101212,-1.2010625016290315,2.2829134224212733,2.082850304512974,0,-0.4919419469247962,3.9319694163110985,4.173447981644725,-1.0628114355223501,0,-1.227345089083101
86,39.140975988731334,0,-1.7631575338020977,0.45192515812996376,-0.3172917182312323,1.2943577374799207,-1.1091945311148448,-1.3430309728635887,-1.1999545704124401,1.0914590765025836,-0.3344022819763479,0,2.3670942905772883,1.6269070860041952,-0.783718209280388,0.22179079759984432,0,-0.7965034625028526
87,42.67538013279543,0,0.39705983566300446,-1.3267311067393341,-0.39206572193581274,0.3868481087002728,-0.8319645010269203,0.15858917345648024,-0.5136771808118755,-0.31671860119258616,1.5618758647910354,1,-0.9417167962890949,-0.6186914102096245,-0.8857042306003344,1.0535394071386295,0,0.2202541143060298
88,37.8747686890483,1,1.9195264055710193,1.55266042498475,-0.4726700294822494,0.10040212284661892,0.7229390343627896,-0.8349515539567742,-0.3175727771613905,-0.9161419115567146,2.608871926885177,1,0.11607116640334789,2.7067675292540887,0.7666715406833401,0.84541015025407,1,2.8808662093477304
89,70.87113359588186,0,-1.3280672310020856,-0.059070025454399544,-0.893321859281974,0.8561911434104752,1.1622653617410814,-1.4827214093698098,-1.3338898156809726,-0.8543143105676416,-0.4566825775268142,0,1.0933403169051794,-0.4287680813238335,-0.48695499808000176,0.25198781230843986,1,2.0766750304105326
90,51.64441230229825,1,0.5496972691147225,-1.8933652703493453,0.20070395953707482,0.688060022276023,0.5239932667870597,-1.0081484986528957,-0.3484767098686808,-2.412669150330632,3.5954975120183317,1,2.1051147551964933,0.6621146111633136,-0.5779117953904449,0.9240392393593542,1,4.087937830447373
91,61.502055425466324,1,0.2724619331146089,1.2335202926112527,-1.2188532286696954,0.5252364814141351,0.3147761123641279,1.1601383589231051,0.8062267663139402,0.42859187630451256,3.2028794342408275,1,-0.8233040503660367,-0.5011757640679954,-0.4065168014116869,-0.42876248774817427,0,1.4167634698213691
92,37.32647950989772,0,0.9178839461541413,-1.273286210204081,1.1548885136746236,0.0436516765866355,-1.4525096962211579,-0.1988916870038047,1.0189710086768848,-0.24229915880339217,-0.04964880563155871,1,-0.7085071089277293,0.305335972244009,0.7329731265751024,-0.7294956215163586,1,2.2670793778793605
93,51.81035129597004,1,-0.13124031933566202,-1.221939656877403,0.2670586215319569,-0.6681857048442192,-0.33039733453447895,0.8349698738103475,-0.8954065875415804,-0.0712650495290644,1.6795423436188588,0,-0.09783661384422948,0.05539298857349356,-0.8644664171825813,0.16699743937978118,0,0.19725027363145262
94,61.77861938808579,1,0.27282494206526486,-1.1976739705802946,0.8194827712343867,1.6881172040179204,-0.07705602200786603,-0.612779444103769,-0.4635831697790122,-0.38338540164301876,2.2878278040119726,1,1.3911200969766426,1.5909031554079616,-1.2719788705124468,0.9638009878971499,1,2.4590568222760156
95,46.64989238066984,0,0.18197412814946928,-0.3103325134849673,1.6210356859074482,0.3082953160948407,1.7405593964860069,-0.7305749581585261,-1.3268699054363953,0.060088585478999576,2.735731484272013,0,2.1244185407967993,-0.3438735109720841,-0.6537180679105816,1.1748751601563199,1,1.3581077773929613
96,60.31114458921742,1,0.5728428189707594,0.5872344792636836,-2.2669391440424183,0.8618838059642038,-0.11619851506526753,-0.41972893242182197,-0.2275340321343282,-0.4411048337220133,1.72744885444343,1,0.926400575789022,1.704719700266283,-0.22509277674738332,-1.3599358563536839,0,1.392356469550594
97,39.15432087994233,1,-0.8391127050236458,0.5581414948031939,-0.13316789221533604,2.151836788322589,-0.1103113928237542,1.0392969279915483,-2.1560246031987873,-0.07819305889413386,1.935870455945561,1,0.823411202131328,1.4161409927851656,1.5930120263262202,2.840894601016535,1,3.8265037751635544
98,36.365284553814156,1,0.1924487613844936,2.521371112507753,-0.5976836016558756,1.0211355273727192,-0.2167304357554558,-0.6074051273410939,0.4568680870338019,-0.16200450851659218,3.5483112595201747,1,2.345559935494992,0.5669614020925541,-1.5288367145896014,1.4584295416440265,1,4.750947511919534
99,53.79400612078136,1,0.8103255974845255,-0.6633951364444287,0.4632771623936812,-1.0217544704155286,-1.070843353151711,-0.9396983924352983,0.24144309472237233,0.3335764066085174,1.8417851054688255,1,0.3092759354329968,-1.2560666644952008,-1.6065509575302013,1.5579539760074783,1,2.153535031197362
100,46.208235654274475,1,1.1679905914246114,-0.4566748169333112,0.8425394274921589,-1.0877186873012088,2.027467631456583,-1.379486388466959,0.042332097718859284,1.6081381280331424,1.7942648318099823,1,-2.134807139317231,1.794453948170125,-0.8681253768236294,-0.3859342230631191,1,2.9921722662583803
101,56.42054689271831,0,0.4957289155236749,-1.363638648928467,0.4315779114806838,2.035140040336023,-0.8332642005121487,-0.5565949730001052,0.5347369273665582,0.6053285960623107,1.820387541738555,1,1.6071710803769417,0.6152063067055562,-2.275885554842876,0.9010738016536908,1,1.130579725882164
102,30.221120684795512,1,-1.131956533961282,-1.096840620436514,0.13670684306070888,-1.6489888606038658,-0.9331971512469163,-1.4399033812152724,-1.3184114339235922,0.20538604112061837,-0.44040804247926246,0,-2.435265078139279,-2.192573520033373,-1.2415863085631522,-2.871133105947459,0,-0.8619260429741126
103,57.12264635470518,0,-1.55357817552007,1.1206659044957474,-0.16781560968707177,-0.707637820819131,0.3305820534090383,2.1138927574939386,0.958400899082923,-1.1820498411140687,-0.7031686324882895,0,-0.8228857344594216,1.1521997119234137,1.2835429887232048,-0.85851200520682,1,1.9100609174331362
104,75.98303927269315,1,0.40862556084060986,-0.5031040659169606,0.9282006927338127,0.696759160032942,-0.8965133515189166,0.26738110133506365,0.46015910759153117,-0.16402709631870346,2.529654869757754,1,1.0337756971213847,-0.317042448709754,0.6644994159888655,3.0206502314915884,1,2.063394234957302
105,49.753740185685196,0,-1.011643753172907,0.4517365702529574,0.029244217654498972,0.3184341297318193,0.4135288416991288,-1.500102005725531,-0.4527822038245145,1.4358801068907154,2.0650021683696616,1,2.1431992792832095,0.37155370458046655,-2.022803973294063,2.887989366037795,1,2.9223673241287362
106,50.34142128909841,1,0.8443346060858782,0.03202404238219983,1.6978650286839552,-1.4501760404942292,1.421296072965912,0.548318287282911,1.1069340847902716,-0.1395126397153151,3.544519425048345,1,-2.9318854969158505,1.5584043218306227,1.995922626834977,-0.43451129140919376,1,1.7731909657866862
107,51.79549484638679,0,-0.2877843635611198,-1.0502348080149684,-0.5079373256085458,0.1262187802628467,-1.1989292936403277,-0.66582225297387,0.27886456130520276,1.9688296565006578,2.4742259647284675,0,0.13320242376941102,0.8742497650816241,-1.080950699987774,2.9749155511625585,1,1.178811516259957
108,31.38024289208213,1,1.0116159433929806,-0.824199212431439,1.8283161659407035,2.0281214755638266,-0.35928533022315523,0.02607526238457848,0.10872897732974454,1.0539667816727099,1.3333746468627956,0,0.8344956071839296,-1.4532563570376213,-0.15726779586221487,1.57641445520247,1,0.19195296322528488
109,54.2614663969031,1,2.12581662460879,-1.875171928237595,-1.1813490020740327,-0.8674034482174825,-0.5001566929827465,-1.1820617137698728,-0.09884934741975793,-1.109171001197573,1.8582505697353573,1,0.20549214790102044,0.41420123355326904,-1.9387140612722407,0.6340392064095787,1,3.0561982141602893
110,33.94590255984035,0,-0.06232267519153661,-0.2029703722561392,0.2740081267463048,-1.5498642163790635,0.28390666510069834,-0.21624078256743684,0.31196527382798267,-0.24056522754786278,2.215703173838908,0,-1.9457913723307092,-0.6025938122182102,-0.5635458316787856,0.017369456829351093,0,0.7321131838613127
111,45.723204018761955,1,-0.11600038646897386,0.07914531608478181,0.08043318485249762,-0.642633530810504,0.7844383321996435,0.2954645738316589,0.7329019483345903,0.5432543782499089,2.1134882354026994,0,-0.7985264949853341,1.0660264536575126,1.9162943341935397,0.5174666063737076,1,2.1042525314192573
112,62.42869549603737,1,1.013492949202779,-0.3040009162074755,-0.702152473416773,0.12736123229053153,-1.0155774930487826,-0.2989773234358665,-2.1267670771422935,0.9840801489357964,1.7476836555488156,1,1.1994343774994016,-0.6492797822478059,-0.7350114727271168,2.3502967319590606,1,1.707987944354516
113,42.647830438999236,1,1.0639050277896922,0.9933763604926804,-1.353819621211911,-0.4020851658802509,0.04132280522984246,0.8995215537370919,-1.3570756685252257,-0.19197352262288278,2.184186657191067,0,-1.1724768933612992,-0.7676877830579096,2.6646148123762403,0.27994427878661043,0,-0.19285229415057473
114,55.012489895674,1,1.701608168112745,-1.3245554497378837,0.9313315693596264,1.0308080867593241,-0.5585560184590074,1.030233547584607,-0.012268395340858593,-0.45280899478888204,1.947021808922171,1,2.3571421228872826,-0.6937486298580248,2.536657016664995,1.7415537446040898,1,3.1339307798347935
115,60.127390539563706,0,0.1965696193161701,0.046498543186305266,0.0009773892398678991,1.1748061825459064,0.32234169125619344,1.5247630009479591,-0.07257227959162371,1.1863143124042057,1.2149032675273004,1,2.0048175787974114,0.880584269731865,2.064910092128072,1.1840657873709972,1,3.030477476792708
116,52.787408560959996,0,-0.6328669583423246,-1.0038165556784084,0.9560485664830681,1.3774557213927774,-0.9789391410296686,-1.379939142713818,-1.0711536191184576,0.7935065292371946,0.4407931828670463,1,1.972382922733571,-0.4472583208315577,-0.11493450459159238,0.24428909911634444,1,3.724606384653236
117,36.29051529905392,0,0.00771365725419405,0.38072054611883105,1.7850182503716663,0.9606586918145303,-0.12974115347963885,0.23584536782843063,0.4269196482581862,1.6950730289115108,1.4954661274656973,0,-0.6946579454076796,-0.6914896635425997,0.27718432059623643,0.7050068506480565,0,0.34717497648531354
118,46.67524724648586,0,-0.6236291931197636,-0.8967183376512194,0.6771561756280498,-0.22998181959219818,0.7206904285326265,1.5582204982575212,-1.877166601593989,-0.5186014490992884,1.8558588103369709,1,0.022269802706568642,0.24981337211463062,1.5022446973390373,-0.06762451126076674,0,-0.5476403899160087
119,69.59411342388286,1,0.23980970342870894,0.8125705810012488,0.9634041650636885,-0.5335138691795923,-0.05092152138298504,-0.534893912659223,0.8628135628101227,-1.3339759886650717,1.8171428205045426,1,-2.0623382509235832,-0.45042192780770407,-0.5012559257831002,-1.9749577015675372,0,1.7888297054145947
120,29.74954237002529,1,-0.8682396878669727,0.6373611846835914,-0.37852361718104466,0.06092399550309569,0.7097838226408255,1.1782894586442796,0.733224755642719,1.1375119708067367,0.4316218797034821,0,-0.5252483661688641,1.0064465329706842,1.2263105750300003,-0.5595038226844216,0,-1.2541444978466292
121,47.242139861338245,0,0.9020064563182728,0.33271193983299213,1.4295587519173887,1.0413666675073534,-0.18231117623860396,0.16803044067069972,-0.6574331373597208,0.6216941433006071,1.4227941558239308,1,1.4741354933021078,-0.4722852767846698,0.6759433021511283,2.1488263622222807,1,0.9278327886269946
122,44.47891928511892,1,0.6974901545879407,0.2582368018123233,1.53227307592052,-0.8628297774513611,0.8389101016433544,-0.8878757543672626,-0.1576141378284971,-0.24289196392686957,0.8612049332906401,0,-2.088182630155911,1.0861100382396407,-0.5290272344047382,-1.4089908198129706,0,-0.910553209258923
123,51.207473630971386,1,0.1390333039176673,0.285743880026545,0.5719228321597202,0.32846248197885064,-1.0974469021576219,-0.5259234917609243,-0.5937572344549139,-0.9935268324764248,0.9372877459358602,1,-0.6798771479168708,-1.1494463134829056,1.3958796422354331,-0.9035066086898336,1,3.7666756978370133
124,57.482156171872305,0,0.02557654675594081,0.33327939962756703,-0.217232618149579,1.0382302141589077,-0.9417589879570281,0.22957897800601942,-0.3705841603356067,-0.8605074388806699,-0.4205085842520555,1,0.5173337240103332,1.1317462025108984,0.13024891223812277,0.2377810306996469,1,3.013984120892324
125,66.08690968022053,1,-0.1964429181811256,0.5318067066581046,0.05431798422491919,1.1470637231347804,1.6709393028525235,-0.5600870751599482,0.6749312961761629,-0.5626111943331751,1.0025199560553584,0,1.6483097670948696,2.1141951802139176,-0.6814852944566999,0.7384706711255207,0,0.2099098629162371
126,47.29767607990842,1,1.3122552035216337,-0.3547656871123188,0.15599758609289247,0.6382544591849654,0.0677912998298014,1.1153888162761019,0.527088529155431,-1.858874090842407,3.2923164673752305,1,1.6697740957340357,0.7801165506545629,1.8485037770951838,2.0898670050953494,1,1.9225908862620367
127,58.1234132997682,1,1.1874174826896131,-1.1208145706668544,0.4678095443614187,-1.0757656354998693,1.630785367719934,0.6987654558281747,-0.008183128349055728,1.1011982364473403,1.8890022388770706,1,-0.4855397566629146,2.8894494229828354,0.6487059587652775,1.1645268174871581,1,3.9839965160941917
128,54.99740144865173,0,0.14571685457777803,-0.043793072348728534,-0.0056001393661616015,-0.22854318694535758,1.3833733896317215,-0.3859596579615022,-1.8949603326269968,0.7174579303190404,3.4570137860693073,1,0.9133892942222885,1.6646321190445477,-1.2021285571149223,2.3000743032101747,1,2.489742441991389
129,54.743472978718,0,-0.8566498771059953,0.5130082847571391,-0.2863853805672126,-0.08197071511220286,0.2849299763926742,-1.3452041695049934,1.7234557644075357,-0.5174315183155376,1.3139145688011074,1,1.6269145218069136,0.6796151485001465,-1.4738003884719628,0.8237455869220021,0,0.13861055194640293
130,44.360760684735276,1,-1.176848319189612,0.5115982244633848,-0.1665615448685068,-1.8804833758319999,-1.074822406075598,0.09307752010607245,0.3771137178539186,-0.8216398108036393,0.47853963006282557,0,-3.696055983268418,-1.122676038211158,-0.149114371708474,-1.5850147139455892,0,0.16917852732809222
131,40.02678531224099,0,0.28762071303773584,1.7300552797979127,0.005905979926915734,-0.8873760277800038,0.6612886514000552,1.8663095841848725,-0.34390939035369855,-0.04392534440444528,1.2821862147720144,0,-1.1729041697322744,-0.2367870359814298,1.484239826377018,1.1066885326293505,0,-0.02308443151340157
132,38.99956887379303,0,-0.6380619374163954,-0.49930408017278904,1.2284177949731911,1.4267808510168725,-0.6547554823287909,1.0885943619661163,1.4997317206444387,2.6946718973929875,-0.12508703522692444,0,2.081759414822646,-0.38355541845213453,1.9435225744276612,1.2664391791818914,0,-1.2850825756905906
133,42.43562790600877,0,0.4759338723761218,-1.4107836287909954,-0.9277937113835848,-0.4428442628603964,-0.6021463045399916,1.008362844625478,-0.9915795000479307,0.3690995805720476,1.940249716684428,0,0.30547399522885693,-0.6766677144794947,0.9782864800696958,-0.9203607240604351,0,0.2761166779016054
134,53.216865758662266,1,-0.3866955373697608,-0.5448286553491468,-1.93486560893721,-1.4812875291688896,-0.928709663734117,0.7845689860607243,-0.9436752696303982,0.24382882274263276,-1.0022068196585416,0,-0.8720792708773145,-0.15595946810756856,1.4424473958577781,-0.0914157648123246,1,-0.3411881497306204
135,57.609493931283296,0,0.7737543592386107,-0.4225941134609342,-1.515705860165893,0.49047079409650507,-0.2664282999650104,1.7703985353410099,1.6089888826747756,-0.9266352335670383,3.9553116602889054,1,1.361330236957173,1.0278362436973503,0.864882131052287,0.9018245263028504,1,0.9259686032133501
136,53.234688478568955,1,0.20741524447887036,-0.8049570806978902,0.22780855626010518,1.1857087466385372,-0.1755425554343064,0.2614156105581516,0.3182866108840401,-0.8530333664484188,1.644852326491662,1,1.405890350823568,1.6469504849827736,-0.6386521291056102,1.4549681335713003,0,1.4100344418931885
137,44.510449038042594,0,0.9980530619517543,-1.0392060131627,0.2809105005027834,-1.7564409394534706,-0.6618304633873255,1.9260066569450016,0.05893848773208638,1.616340333255759,0.7531478861678949,1,-2.0336050156685697,-0.38993484228095787,3.4201956304521426,-2.207643181777574,1,2.8553865055537013
138,68.05970109932474,1,-2.233905252294292,-0.13637155114405125,1.1747785435866376,-0.17857026946004192,-1.4760750358024595,0.21986191761010657,0.3806942518732359,-0.4695320184836197,1.1517623147967748,0,0.2528434182215856,-0.07496967943199162,1.335514168019833,0.3802349598349368,1,1.9120628677507017
139,65.1886562363154,1,-0.227050245824866,-0.0691114632878744,2.486085020750724,-0.8763871783082654,-0.12380490021480856,-0.29577343315761406,0.5486971136752185,0.36270701273906564,1.8084351443577762,1,-2.1663281821709894,-0.6188368144347653,-0.16430118133769517,-0.6075448447996056,0,2.025892912101877
140,46.45999887249827,1,2.216788133266835,-1.0382715126813042,-0.16033881392541802,-0.8080924875043753,-1.3557180913760871,1.5397396178822835,-0.5013016660826334,-0.13136054539868794,2.6083393070124927,1,0.48482608103033176,-0.3970425751730575,3.4767090257296465,0.08670873445686944,1,2.9100451164416734
141,41.76568594014334,0,-2.5031610117369376,-1.1444359494862273,1.0626969729133022,-0.9750457121438952,0.5185808339956307,0.08513363021062939,-1.416095208156051,-0.2794585808186061,-0.41247118641303754,0,-0.28620414617579015,0.7932064190179369,0.6202660664284059,1.04228043099234,0,-0.9502825499989289
142,51.302149541579695,0,0.8426522172851623,0.3699631431303978,-0.5773168035919877,0.24224455487163488,-0.7449499755963712,0.3574098017048176,1.255774973298196,-0.45785520073458835,2.378408775148041,1,1.0377619890778573,-2.134005639772698,-0.13663667160133863,0.7984759665382877,0,0.4066847299837857
143,62.67298645054353,0,0.41800374076894203,0.4715869436079163,1.105920516504518,-0.08987694355751003,-1.8262562676023604,0.2971996972446391,0.254172277795633,0.737662683378433,2.2657638527865127,1,1.105961479908761,1.362017979021327,1.5645021735343052,3.065368569420467,1,2.62939011483381
144,53.32764977254117,0,1.2857010543492353,-0.8186616290442069,0.2877423952157234,1.3902107571469904,-1.256076281503165,0.6940892433783906,0.8339256052254368,-1.1875387618110906,1.9348520355866743,1,1.3904492445087446,-0.5692730389406171,-0.2556619075157336,0.9718782348867863,1,2.83032419766888
145,55.56548704910044,1,-0.17359179552562834,-0.17200516089383291,-1.191776131993568,-1.0462864876030702,0.014385068520447962,0.09579896388414921,-0.9192030647018832,0.9870498974321747,2.956077078533071,0,-0.14172609944592784,-0.06303751552398659,-0.879785528540509,-0.44920707996501363,1,0.3062509223705276
146,47.879198777243744,1,1.1903544390528793,0.49662285941428497,0.3298426269114848,1.50728454357729,0.3778096413337252,-1.1425065192058863,0.342033274303255,0.0033860271377201055,1.0607500013547733,0,1.251426217376838,0.2894102370174649,-0.8548180800647853,-0.28245642169196994,0,-0.8788090542885227
147,54.562708952022305,1,1.2169058041387777,0.13076169490886125,0.5260697073537158,0.029388040095972453,0.2867431139877793,0.7370798268284176,-1.9378225282572696,-1.4736980120671879,1.8211239263600278,1,-0.911991255196088,1.038707757545068,1.1833093265489267,-0.22885162577429818,1,4.591032034117952
148,65.44544451456139,1,0.19678009270144395,1.562581220529143,0.3904734087148275,0.10883985239564511,-1.2095242099985595,0.2986691218613904,-0.8060203626619339,-0.9231561636027825,5.631033041959697,0,-0.14960480622560376,0.8102644063028972,-1.3376159206839364,1.8184643848314137,1,1.6856034955218102
149,47.60331218522289,0,-1.1640118783694828,-1.342197431638,-0.2716372409774815,-0.8156112738473692,0.9176355310778724,-0.31718340709435794,-0.1672139423720015,-0.4409305810526447,2.2693072162368058,1,-0.8188756743620642,1.583516037644603,-0.8741689987508894,-1.9037792649637617,0,-0.07480626252244837
150,51.43307732507873,0,0.9130045340818803,-1.5567691755913655,1.4787594988053208,0.426454685259848,1.0630591003130894,-0.8052941705595111,-0.09519762922791927,-0.9667761382128335,1.4650372877806017,0,-0.8394318421848669,2.280351697241101,-1.9755001288250928,1.0512501590379,1,1.4188906673317738
151,52.538164765496276,1,-0.9734369952851704,0.7228290777564583,1.1453573071871106,1.3852600832609563,0.8563401455147414,0.6904770327546782,1.3094298122755699,-1.2074510448128335,0.08284151861327227,0,2.4404234345835567,0.7962598351556736,0.39510615393797877,1.9712722046799662,1,0.991074261514554
152,52.837253557710376,0,-0.13737657056441324,0.3501182678667711,0.6940119626496983,-0.8844633051124811,0.8013297715602846,-0.9226526752741078,-1.4419969931524124,0.3889276726845159,1.3434308340941286,1,-1.9331406644324358,3.354559757024723,-1.7138592540427005,-0.8418567700094399,0,1.65216582528458
153,35.881111239287726,1,0.9469082441625268,-0.5480439830433814,-0.6907834489348241,1.1282212257530473,0.130741317268093,-0.5889822134424375,-0.11725418350336883,1.6884523472655375,1.522979674292919,1,3.213652090048609,-0.8714698903502387,0.31202454991983763,3.0760424417206664,0,1.899595359663272
154,31.231313441261054,1,1.0920677064906987,1.0872587621303165,-0.3872077366758404,-0.6878540308081769,0.6324808493662949,-1.949201814807591,0.26042864043310304,0.18427631263521924,2.3165418599739596,0,-0.9527153353152299,3.5919742421339222,-0.8099540200823796,-1.0660249323986384,0,-1.0370442420290167
155,39.80344929078161,1,-0.3479589732049755,-0.6449784968605025,0.8275402706560829,-0.45828098759418,1.417581496301577,-0.2967138571212266,1.022412028637221,-0.6585851261158517,0.28894382216849257,0,-0.6969423766635842,1.6466100965954351,0.33042247093782845,0.5006852046129218,0,0.8717641848985428
156,51.67942295401668,1,0.6269829363737798,0.5118784149237874,1.7116609032146606,0.26307009006911497,0.15859251919271297,0.938196148116969,-1.7789187239283513,-0.3890249642538091,1.1220934047774245,1,0.030915153459127043,-0.09229920316482088,1.515467230702981,-0.9928044765974717,0,1.1696648238760652
157,55.538561660032116,0,-1.542536613885471,-0.17944219675243178,1.0380375161710553,-0.0377491284185731,-0.22609122116618724,0.010389386028327036,0.5275700383223068,-0.17396466595547933,-0.11203051321313473,0,0.9919271787226589,-0.4967866676320037,-0.30453830417989247,-0.28935324222928155,0,0.6218455366182972
158,44.69325440226376,1,-0.4723809012694099,-0.7750313627240806,-0.17532418558561705,-0.10217779836382478,-0.7046893494758094,-1.051148299981231,0.5100566505318345,0.2863429240572804,-0.09946555613555641,1,1.1080589465614492,0.04390246554059091,0.391582134359134,0.7303636122783442,1,2.553264660687905
159,63.77257482867307,1,1.4689188959237782,-0.42388996748476676,0.1655624028669294,-0.014133506437333562,-1.3111997826473385,1.665816719517062,-2.228815717154028,1.953816019149876,3.043904763708321,0,1.971219760030257,-0.25511459109462664,0.5487732760313477,1.5139364970362168,1,-0.03748064419665609
160,48.56824025673813,0,1.3433880478461098,1.1715250849261594,1.24305298192177,2.0271223299718955,1.7487100854392206,0.5324008624001337,1.0523502538366982,0.4007914504737655,0.6649615706221366,1,1.0491023115660465,1.985961231671934,0.8113875281412419,0.9537370710512554,1,3.1573497656428535
161,50.20315998234624,0,0.6692138364157875,-0.3862466102623512,-1.2906545948871746,0.15831409678541689,0.329207170888687,-0.7374070013726053,1.6614267878165128,1.1686589635051499,1.7332835963158788,1,0.486050735432732,0.5759184988983249,1.3530824551173866,0.5942607335144674,0,0.41599259840860636
162,48.060361294473374,0,-0.14183448580853825,1.5082574043902803,-1.3964066555439378,-1.0895451429424976,1.718247008401115,0.32069216279916596,-0.5321289391807359,0.3371870005891581,-0.21575721820701554,0,-0.6084083952907996,2.949341865066981,-0.02165815947451155,0.10656112506317778,1,0.8841126291445652
163,51.34026792746665,1,0.8472603166461764,0.15542867683943998,1.057770464726677,-1.2200617176338127,0.8305441044038913,-0.25707060573875273,1.6997478394990233,0.19552850397556157,3.023332962781768,0,-1.0246456075388115,0.5978631161767672,-0.7890305223724274,-0.36279971776411624,0,0.3307495933835753
164,57.04474074043603,1,-0.023228192037787348,-0.2535947166623714,0.14480539428355801,-0.29239965325315687,0.701342246199201,-1.8496246889166237,0.1942254296503348,-0.43349186461538075,-0.6081643812869633,0,-1.2852189367343114,2.397321971068574,-1.6242198724240149,-1.2693428628503298,1,2.1748826186845154
165,56.656534379123315,0,0.16822860749339733,-1.004259798815154,-0.9326474800235675,1.89685521587262,1.715576761421126,0.5206151628653898,-2.0843137120008697,-0.35212553573456745,1.63440338130283,1,1.9472193333273036,1.4358840656441743,0.5459931962728588,2.1372020112162606,0,0.43513781120971506
166,41.0157705939041,0,0.08838290840610988,0.6765012617974479,-0.18161843552734758,2.571272522315669,0.05392752628536881,-0.6074115243734322,-0.307090521287943,1.1871946125920074,0.8579666125848607,1,2.2455747283448018,1.4486277503651788,0.04912933612918857,0.6722094027308364,1,2.1543474247242393
167,65.23663776478527,0,-0.7755203060617992,0.20614360268507467,-0.3425562088338269,0.9511683035490273,-0.4264620637249003,1.7078191753967666,0.6545827346012358,0.8950888222188967,0.5567417717842669,0,0.9911790308642955,-0.0521183265606005,1.0419397216581894,-1.1245289970762884,1,1.4606701911843296
168,39.04973542573082,1,0.7259248113193764,-0.0782750496961803,0.5118394036800131,-1.222935376039123,-1.101596173661776,1.2496282801546097,0.32226241404120637,1.1602282391107848,2.8979823095756467,1,-1.5502876539980321,-0.08065509157282125,0.9386558443900233,-0.5345620714504022,0,1.2057017579588063
169,50.792270140906126,0,-1.069947260575109,0.09990781015135967,-0.1169712746724452,-0.925145435978676,-0.8114318482126125,-0.989304566722181,1.1728560161078847,0.2144989441388093,-0.29891725051070805,1,-1.089722885226987,2.3472115574879564,-0.8715815404332016,-0.4995032772092397,0,1.4087912087814838
170,47.256034264776474,1,0.7758448541897583,-0.12143394279314447,0.443515218427292,-1.1869854627348209,-1.1877161818711022,-1.455624708749471,-0.11610971859585821,-0.4210242650668946,1.8844122390681037,1,0.06344447921029883,-2.0279798207695245,-2.3879768157532144,1.326252661253256,1,0.8078634554712723
171,39.51008322681513,0,-0.960602470571919,-1.1966138888173476,1.5920204890662568,-0.9120402210915998,-0.2268936267193743,-0.4098782477665254,-1.7731790925650075,1.3175997475739356,0.1525107356755928,0,-2.6022521604431947,-0.3136904134631911,-0.29882376249316495,-2.3365372035416345,1,-1.2642515325354486
172,49.248794120261685,1,-0.7220757158974855,0.654491789693032,0.20000450731823863,-2.394462262097154,-1.5241993340039093,0.800616677844244,1.239670491605539,-0.9601983118262187,2.6831796373376795,1,-2.8377085450059734,-1.8455878919694317,1.463311189297987,0.29943591601870456,0,0.998430262807881
173,42.59186226707602,0,-2.8408473558032754,1.857149160671793,-0.09788445349925454,0.5669486372544671,-1.6309368118864402,0.6612370676142613,-0.3321326600722787,-0.7067441970387136,-0.6047929510089634,0,1.4370404016099414,-0.8660652539917694,-0.662922066326754,1.6640218594902572,0,-0.7168845575933123
174,50.729072432760525,0,-0.15608345174169724,1.6980265666932324,-0.5048492508800447,-0.6180792717266799,-1.9435194499344455,1.66170391921309,2.1757060916801696,0.21845070673829234,1.8013216301809405,1,-1.0690415480843496,-1.1587794802581974,1.5825563233171236,-0.0927291333562695,0,-0.1259347966779265
175,54.03085961219367,0,0.18918897492935852,0.10553826870755047,-0.46777529562405074,1.8630869531670529,-0.6656356140160209,0.1463082599463294,0.09791643264643893,0.24618588078447842,2.2113427164203494,0,1.3721803710395326,-1.5893619811539255,0.17211537341226904,1.5041463152060714,1,1.9451972903709907
176,64.71929368973272,1,0.827072508053467,-0.2535196032031303,-0.10015917937291328,0.41219213933643,-0.24323052859619293,-1.440363396308776,0.6059236248271516,-1.062634615471787,3.641318682588097,1,1.0188289108522202,-1.0614492979451358,-1.4053031349036647,1.0070527025709486,1,3.8724496296412108
177,53.07384218627414,1,1.3108760096986793,0.08464625041194504,1.0283306884703831,0.7265965659648516,-1.9619222816375854,-0.3376059235875509,-1.1502360310425608,-0.2163727683000203,1.5521026753081713,1,1.2636650377979521,-1.0205601781061082,-0.9641779022973552,1.3903056234258888,1,2.7198573563615316
178,43.88774659695175,0,-1.4902134278294323,-0.6213938224099832,0.7959715261946323,-1.8049240476835569,-0.5769839772532117,-1.264824132300065,-2.432387975662877,-0.7957516545224418,0.5057662417545368,0,-1.547477395165973,-0.09164511959277766,-0.3887670909801796,-3.0225159147510605,0,0.527252035851793
179,46.08380189280398,1,0.9848274870798956,0.2810306845345979,-1.4722364678292141,-0.5013669368779937,1.5041853407596382,1.032684643903098,0.16500746697133917,2.8165178316668813,2.164893310498627,0,-0.34969617878019277,-0.16109800108897754,0.6337131407577737,0.8677008659545973,1,0.9152514989319703
180,51.39978106114564,0,-0.46403425360015677,0.3744882718762506,1.8802631060530215,-1.2169314006005303,1.3266900419649847,0.5207559371739547,0.14136608823553096,0.024199338493233136,0.5495640053025977,0,-1.354489751435247,2.0673114547048703,0.21745807626413516,-0.1460568713009439,0,-0.9844713473004317
181,50.93460829462151,1,-0.07206009820763162,-1.2029091034837753,-0.5437152464211841,-1.6429624450724354,0.1484168648036396,-0.5881254669033542,-0.1910166302643021,1.4847283585716922,2.9294596492352136,1,-0.8167704680312449,0.9115687701198216,-0.18710191677125942,-0.5445232109188477,0,1.2604683444087235
182,64.59589268228422,1,-0.10526835557242196,-0.3288517716796667,-0.540788857164891,0.5804977218907443,-0.49273746517439077,-0.1018670334388868,0.041300125741714926,0.19395523552188412,1.5495744665655506,0,-0.07893660663133462,-0.30080799704111166,0.8034109020987804,-0.5347906655402601,1,1.36724472073882
183,63.953529297569546,0,-0.44951467081969376,0.874201691618976,-0.16647178784796213,0.06414718033663805,-1.0175950462581638,1.362658132069611,0.5128592241476895,0.5612824797544841,2.491459564327964,1,0.5736880120102634,-0.7805722663148723,1.4629333956320627,0.8140592620863254,0,2.073808216298074
184,46.41064073757739,0,-0.8899110568829337,0.9004687407023031,2.0620633871003924,-1.5477284305531511,-0.15142777320884984,1.3582184642179809,0.06296748360172781,-0.4003448584207054,0.5924983873508767,1,-1.2253170993977567,-0.1530017392565439,1.9081822060141924,-0.2084103996716882,1,3.1809251004008345
185,44.51357871813802,0,0.2792167152139877,-1.258305550726655,0.6431945337132562,1.310206654516409,-0.09099034626627588,-0.20248238127079365,1.4064550663103474,0.8648848005069691,0.18169515408050474,1,3.004503511666668,-0.6480873028285765,-0.558037582847785,2.0122959329278474,1,2.4143946984212463
186,24.429453959321417,1,0.8111450446561498,1.0958548872414167,0.23365844536727295,0.6168556794907424,0.8885414052544469,-0.4268898418420235,0.2585615457654434,1.8594206195245235,1.0366448517945648,0,-0.5654629326679551,1.1676674878578197,-1.2310321292463424,0.8622365026719352,0,1.9699220217584763
187,44.5107958667778,1,-1.2597717127599937,-0.28569741535230253,-0.5797810386034279,-0.6406610397322873,0.5079235905419572,0.9937130411158871,1.2809105830573582,0.7600364066988835,0.10965420592113839,0,-1.4048669081604181,1.043066716937363,0.1694127261471109,-0.5518358945719236,0,0.34827620843578677
188,40.21942293915716,0,-0.01945875637332236,-0.026705335050283878,0.18247735156870099,0.556422904742091,0.10946953699255209,-0.6454310309041641,1.061966891443671,-0.3987468940366894,1.3141293146574284,0,-0.6618440228714704,-2.431790792934102,-0.42701122025743976,0.7860735481350283,0,1.4477518138274184
189,46.451755419051814,1,-0.6290122546867031,-0.16298399394298313,2.281682859867609,0.1604239231202477,-0.05397600996325274,-0.8925521656627774,1.5844442448440135,-0.7312827033634032,0.9643475779547881,0,1.1563400972198914,-0.7910238991190073,0.921717554013758,1.259832228143608,1,2.963406994365262
190,53.91584242350111,0,1.0959217778185861,-2.1137053960645154,0.8743269247635026,-0.6120655722468324,-0.8853827381459101,0.23936882401990264,0.25113692681457256,1.167196405428385,2.910599208962269,1,0.24181398117963565,0.2988552846682071,-0.27052969401157867,-0.1102175036743871,1,0.8844334204089781
191,51.77192329198988,0,0.4935795469446793,0.42107345272278596,-0.4408599787703132,-0.7284965237406283,-2.393572273018523,-0.1257452852701927,1.4111349080211315,-0.9599311304524322,1.1639594988901532,1,-1.767773621464363,-1.1889091292204912,0.4025393857752672,-1.7070524646121414,0,0.43172670024674
192,49.700319929524575,0,1.5087051144253556,-1.608646747211595,-0.3417171131037666,0.7070554297802553,0.6504522620963662,-0.45876599343294977,-0.005020992910619069,-0.5744133305754741,3.0934947779400837,0,0.1654465592759241,-0.1641102974512244,0.3549774058087066,0.07786347573822516,1,2.175191083726603
193,51.99582111088514,1,-1.5487650014491352,0.8300762989038334,0.6069276754381422,0.32346784364704356,-0.666052858096285,1.7125903731765546,-0.3689383507898634,0.8087052903484953,0.19995027985219183,1,1.9993754800537697,-0.9900765375988827,2.2288444054807983,0.7438172178823939,1,1.7289576706641037
194,48.73882226769008,1,1.034196600361161,-1.3020978603226816,0.9646459921940493,-1.5020183739840243,0.9079507563843443,-0.12380158609948726,-1.0467287164653072,0.5146383691743098,2.0653539494055537,0,-0.004806035666221842,0.381114660061621,1.0858072740373006,1.830969765148818,0,1.065407287244506
195,51.97018932543476,0,0.1626654104885733,1.0601736833107365,-1.146995951710264,0.7644035541091931,-0.3196431345872777,-0.24459916023971756,-0.9113410774184593,-1.26396884069641,1.5392799078584356,0,0.2407343988343824,0.21915368892671744,-1.3632906854951976,1.153412288472397,0,-0.4536534752455706
196,17.68944992080688,0,-0.7251734497952682,0.2310781022841777,0.39114464429766943,-1.2596150472143974,-0.18323839457645957,-0.3333059597167786,-1.8596417720551277,-0.16989327105137203,-0.25030469213609285,1,-1.6242482633090765,-0.5026183801193336,-1.1379604949946875,1.1987741364904978,1,1.4505641212532168
197,47.30706510249246,1,0.4892034935587032,0.6083893332653497,0.7232818431864552,-0.537974665920527,-0.7652011278386092,0.13242086476814108,1.9801356410350262,0.1292988304291188,2.1539055448225564,1,0.8639116269399874,-0.8951464251484986,-0.8488537273593396,0.8135282026229261,1,0.46875598137973196
198,48.89149278946993,0,1.5660332728275252,-0.7170061432984153,1.2611001766527659,0.8428274381113584,1.2647295200371778,-0.2747716416659285,0.5844881705716317,1.0233916251077766,2.953191382324931,1,1.1405043694196155,2.8109925976288492,0.1930219491593467,-0.07429185478703593,0,0.273027197520874
199,46.58738283793414,0,1.6046141246729158,-1.8089795651479912,-1.2043836956166452,-0.15808733042885378,0.11136721992532499,0.03245935695520994,1.7652304431749475,-0.03909512409149728,3.597290075883797,0,-0.38185835089991216,-0.3525555586025867,-0.371837226722013,1.075913055454429,1,2.338141843691817
200,47.820537378970585,0,0.8222182042566056,-0.980991711772835,2.307086530081442,0.8948033315172907,-1.1772995349689117,-1.6687102385415904,-0.5236753383752161,-1.1313382274638446,0.4263256731750993,1,1.0996625646254636,-1.5853258022246601,-2.8321076794920943,-0.1998671900387856,1,2.7053679425260486
201,57.0331011780673,1,-0.991604685820878,0.32083358049860583,-0.40541001742640403,1.9126323281747284,-0.5182479371087523,-1.1582664777448572,-1.282614029830369,1.9653332957297776,4.041388584171811,1,2.166050974404388,-0.5905884169941029,-0.2673600554694765,2.5088815363139005,1,2.5286831195217014
202,44.01894668659175,1,0.30986345342253446,0.45677539559674624,-0.4380921870219071,-0.7239388018089143,-1.5236281243747483,1.5200358333365718,0.08490346466453372,1.2442185631786729,2.2689120130974842,0,-1.935393698283822,-0.35434638423113607,3.331111495590794,-0.33254812871156736,0,0.6055567500441693
203,72.00702099217128,1,0.34242257607998683,-0.8605925515394257,-0.49989677767906826,0.6154265214810264,-0.02489989969304302,1.0565212703690152,-0.31099970628987167,-0.7146364379257589,2.6248923163065627,1,-0.4153276558075676,-0.41425759804072504,2.2895358822331398,-0.28891074637479,1,2.825587433445021
204,56.882969302220886,0,1.2420166226436282,1.325387940020455,0.5876468396536647,0.8743587250921365,-1.3901431499971517,1.1568889229950128,1.1240205783297896,0.2507270534475003,2.979805326235717,1,0.34399262754793825,-1.380080573792005,1.2069235883473717,1.0968917727843417,1,3.6348492086101984
205,49.93692749086128,0,-0.1648751790198756,-0.01903799659610104,-0.9265415942366741,1.250426368531325,-1.522151212194154,-0.12484182886755416,-0.21565919308014858,1.226173926750594,1.9835201340135495,0,0.5531863421821002,-0.4273234202379972,0.839985668841486,-0.5996435995952895,1,1.571002835428861
206,47.933376968024334,0,0.015571783015878514,-1.6403731200710867,1.7369822244029969,0.13445931928050817,2.02724858847945,-1.214386864684249,-0.31921659868211316,-1.411515100109269,2.924696754133694,1,-0.019414908709777134,1.6407230684180854,-1.0334481979732992,0.6254588972021453,1,0.42626026678234163
207,49.13477713617865,1,-0.6535086929310902,0.2692678460923612,-0.4595495475067286,-0.896068346104565,2.1096644554836286,0.9649543803663044,2.3253711556496963,0.53976682394638,0.7472182269617813,0,-0.742462040620151,2.4573654415994,1.2023165798776998,-0.7522321602187834,1,0.9124601325941923
208,40.84692930056021,1,0.6680873206370499,-0.7727542547514082,0.125821968132261,-1.5334613049272314,-0.03686352759232783,0.8778125605301663,-1.8181399486595695,-0.5514214847950392,-0.10810626931337497,1,-0.9918898360326764,-0.105885889324627,2.602037933709687,-1.6062918036803573,0,0.41062835917907925
209,49.0479746074199,0,-0.21541048915385103,0.8221549258473461,-1.119946569666631,0.7379526927477236,1.1850449342182205,-0.8151750276115173,-0.28623119722522683,-0.8149482435978155,0.012954014101874245,0,2.2611687508985545,0.5581362689865353,0.30211067051328433,0.687803300602336,1,0.1058121752477762
210,52.786835167270546,0,0.18597858875558868,0.22495349726876748,-0.5218869544795318,1.020213809169737,-0.5361692873033026,2.770650413858067,0.6860956343019642,-0.20237198140375104,1.5639705369922428,0,1.0938068343837544,-1.6497182286676202,4.140952721495155,0.7467587026301188,1,0.700089574889161
211,55.7954161557323,0,-0.4695500128838926,0.1504898831866963,-2.0134300523074233,0.9911905476104035,-0.6072255892863032,0.5867376773051846,-0.5193095927664811,-0.18209355668958715,1.9781730587431456,0,-0.36855375393043066,-2.0659854035458007,1.067871900485489,0.9333757049997637,0,0.8827210278162713
212,55.796897791443335,1,0.04723961373241767,-0.2888539103350698,-0.028708399552321785,0.6622877476660229,0.557982066859608,0.8288284574397325,-0.5000975191645529,-0.48193573445868015,1.1598206765417833,0,0.48151250880531,0.9386128975273216,1.396502606112303,1.3316894521547176,0,0.4751273519952612
213,47.25122453434065,1,-1.0804130049769942,1.123232884378467,-0.10314245756045763,-1.0406563794437624,0.7267258821165664,-1.1765361300101589,1.2885638777170751,-1.600009389650633,-0.18340936964408494,1,-0.8860653418054498,1.9033033856675259,-2.848941194694766,-0.3502409632769351,1,1.0327729900431115
214,35.8391774747807,1,0.16088916682544768,-0.9089096423224156,-1.761313157311081,0.9538485428959957,-0.1068583071958981,2.0778784734944633,2.1547231024522553,-0.6063101734701697,-0.12945880647316943,0,0.6972742136525064,-2.8135783839807527,0.4068405773948547,0.8771790714852612,0,-0.7369955147298216
215,43.308973737665546,1,-0.6025752242276486,0.3362858070546892,-0.18516672021871816,-1.9101836217885972,1.289169701460663,0.1539765912490184,1.0180771175846408,-0.2628901814423361,2.069236550255658,0,-1.9165475787409598,3.205028333454175,-1.0572860710047953,-0.38552532876464796,0,0.2790375864148522
216,66.12193042812387,1,0.6993285544282427,0.041948144704752645,0.5040768212246709,0.7784478356071574,1.4577727808671705,0.5737169081854521,-0.6605783236456733,-0.7277669491068027,4.2442549385822606,0,1.0109453639053207,1.2498157120158182,-0.4871630949962562,1.1123189697015539,1,1.2384780545308385
217,58.96058313409948,1,1.8474534185045268,-1.0334376993670076,1.354566764584036,-1.057939197437278,0.9772184527069571,-0.09555256004434502,1.7634548834288724,-0.2983586495892996,3.341715700470239,1,-0.6575568431661063,1.756927773946992,-0.4969719077725834,2.334383760938857,1,3.3708820501905077
218,53.69619586304174,1,0.8457012421214739,-0.07533486248853045,-0.9079522034831508,-1.122270457744035,-0.021511096442577184,0.4610527511210409,0.7585448704691484,0.5062491750502955,1.4358189230970269,0,-1.1031142270459138,-0.12151328882404891,0.5493803481877303,0.6833467342036073,0,-1.515501550656999
219,42.38705755239876,0,-1.1199225138336157,-0.9461990728471885,-1.8180445887604737,-1.4186378636901926,1.7097930713875837,-1.4174361939735165,0.5824647933217769,1.1344791572876052,-0.6862812881806356,0,0.40182506915005534,2.271391511784583,-2.6749692598316805,-1.5037509895370618,0,-0.8751280961434965
220,50.03645154973778,0,-0.35929671589850365,2.0404319945407607,-0.12273289695541043,-1.8597151484812302,1.324917030394154,0.8751130863313018,-1.60703466765208,-0.653977958287685,0.8491787754377016,1,-2.688423062098112,0.3400134049028125,1.4408228354078538,-0.44702067042050375,0,1.2638569240513933
221,37.44331314337518,1,-1.6096950841174666,1.015916973220083,1.7944860170295622,0.9138221929390911,-0.4507627933522983,0.45349998567254657,-0.3907609210957845,0.01589646672421812,0.900416217510994,0,0.6484399943650044,-1.0255768436364465,1.9577211354193158,1.2088735218436644,1,0.43225914177826275
222,44.48063124303926,0,0.013570061891976485,-1.633788168517571,-0.32050951349092266,-1.3538397697092517,0.240772789202562,-1.5631050057568079,1.1443202927671343,-0.1101655589648915,2.311816830990364,0,-2.072330210477724,-0.4901520848004229,-2.033141063480012,-0.5649215571826847,0,0.3858113293232525
223,47.54796658314805,1,-1.7742235493872753,-0.450598687558915,-0.4712755193759503,0.3187635029981339,0.22690672544666102,1.1178489421301228,-0.3229200074423199,1.1315384634682433,-0.7016424494091458,1,1.0651444272386856,-0.2948121686333063,1.916653677338495,-0.08070876792398574,1,1.0862195147125706
224,46.38360068134787,1,-1.2013773057044526,0.6095903240798268,1.0840724274617004,1.5111038738118099,-2.3985535774990803,-0.005726553068569647,0.5011601939454942,-0.321510239180931,0.47787258255398585,1,0.2732351407816964,-2.17489361456007,-0.9738630848545236,0.8410950135447782,0,1.0468904053895491
225,59.56601931056012,0,1.096256790339018,1.173744380694597,-0.3792232757502017,-1.1366267768237144,-0.4478580059815911,1.5183937256228004,0.1359318529481673,0.3921476305487663,1.4861621827378122,1,-0.6130267620557261,1.1076195831856528,2.173546685522914,1.3262394910700015,1,2.5696850357072307
226,35.81274085964547,1,0.8610368544463314,0.8718145892735517,-0.362273884318325,0.6424599063856559,0.19738442515816018,-0.7335334748923189,0.39701365165898317,-0.5419977567575833,3.8828532476386584,1,-0.38729691323932247,1.7430809816664565,-0.761043083031868,1.4151713453845824,0,1.9563179561637898
227,41.34567728484846,1,-1.5203671239665197,1.904723422336784,-0.6810706676028542,-1.127881745015926,0.6273651250506445,-1.7408124995008702,-0.26698677118982383,-1.5133857652073393,1.1376873806041088,1,-1.3164344292164907,0.9809273208652778,-2.1148166693280235,0.1456586946452692,0,-1.435223876498499
228,36.25312028977781,0,-0.44744016384508256,0.13349124926720393,0.11520778357099616,-0.5535659830281892,1.1054289574236176,0.2680429837441516,0.9830338457248573,0.2621501150623204,1.0769604186998323,1,0.7387709170937431,0.6369372885686921,-1.0382577497596088,2.4151058839976156,1,2.236736432717255
229,37.62646787312146,0,0.4634872549244044,1.2818438390463365,-0.017574698980016377,-0.9695221873704588,0.4255460136173993,0.4609809427126651,1.7402300369481576,-1.6421909652044933,0.869567351144784,0,-0.8362594348158795,0.6963676994331995,0.043549999340366685,0.5900468009715887,0,1.4748794644862497
230,51.24055896446649,1,0.39249325801069357,-1.1591867737575836,0.16263515578167492,-0.7339599479364305,-1.0605602269537888,1.953340854994779,-1.5642496861515411,0.8100531501738613,0.651953002829609,1,0.3113583867068891,-0.7122267383422801,1.3442546300703184,2.1622528816825186,1,2.4492301639758107
231,33.99559466943728,0,-1.6271671972083832,0.8705018910001273,0.10286154020527016,0.629162047067303,-0.15057093831837728,-0.6260982101967875,-0.2797497699308937,-0.06972585200264597,0.21108534866748072,0,0.5136327718923643,-0.8254842456628013,-0.7621224150183844,-1.9423502919378353,0,-0.229366318178906
232,57.538687788376365,0,0.26000968216384135,-0.20963534323670233,-1.5574807195447447,0.10347181433334544,1.828937272264195,0.46100972909194265,0.7429570900450269,-0.9014956356978716,1.4953689005633963,0,1.0327322508235235,1.5569197802238082,-0.6446922165046187,1.4375972575707525,0,1.2352590554502447
233,47.53184223058925,1,-0.6078526308245681,-0.14667131142154874,0.6488469453773529,-1.3872594993012082,1.4672252655879088,1.0635000872272007,1.280293343166765,-0.32388434964520235,1.1340483787355917,0,0.7496144275192003,1.5524993618844418,0.09169315232362951,-0.35048088270701294,1,2.2711320217505664
234,50.687883325259776,0,1.1986679049459128,1.3805912323207576,-1.3922764362215363,-1.2973972953741948,-0.32131231974851565,0.24028395566059818,-0.7483944649337465,-1.4220846428980338,3.049757283536658,1,-1.2759328403346748,0.43499879311142037,0.5809862973932478,-0.03722745879229966,1,2.1717342850779153
235,53.22576737997204,1,-0.20017977265103762,0.9686388766936103,-0.3006567496913249,1.3579159009305193,-0.10007770326953126,0.22368693734856565,0.1744864940649012,-1.1004624854581564,1.3196355780942968,1,2.8436783282077407,-1.2495081543832094,0.7133388232964739,2.446908478323906,1,2.5425542633489213
236,45.65833479748409,1,0.3592874704222705,-0.16812921232772424,1.2514152999637402,-1.5945728834046464,0.700971923718247,-1.3465335947315922,-2.344412360754799,-0.0779198554419521,-0.1795146014452762,1,-2.0625546812196496,0.47950860731840383,-1.1694422167894014,-0.5662349292858707,0,1.3467785833120025
237,60.32479715753378,1,-0.10912060748110732,2.552230163402878,0.5953895565301633,1.4800853097265647,-0.9432406762197231,0.9611919549890707,-0.46606102456058834,2.2128467245166936,1.4900008798140962,1,-0.3705460097744211,2.1531999271170106,0.5874048132968749,0.06073013448754902,1,1.5628803999771383
238,48.05657273272365,0,0.6664444603181788,1.2588296987806202,1.5321194494089974,-0.7892505888578611,0.10113886626685625,-0.023651548260339748,2.029874815942498,-0.6487492379842964,2.487603755519416,0,-0.6015967325223356,-0.1194947504239357,-0.5803196783508194,0.6681446046156825,0,1.2770697028954994
239,55.940702552390704,1,-0.7680694210097152,-0.44176929374726487,-0.47974277914062624,0.050384942731670476,1.0260023649321426,2.305166335177653,-0.007948951400459396,0.8841428202554952,-0.44783695356305353,0,0.3598219967056306,1.0915752209228071,1.9668987743974555,0.8882895886410852,0,-0.806582269479078
240,48.00887617242748,1,0.6682532946789748,-2.422844228634589,-0.5550701713386531,0.22177709553156363,-1.0076449434368455,1.2402393342358915,-1.953852554647446,-1.7004348616330212,-0.12355872151641423,0,1.2711379811580317,-1.088646961574329,0.30083515206251343,-0.031648956769784964,0,0.545907924102738
241,52.90874387424923,0,1.2089628200073759,0.27781193997315035,1.1756248405802818,-0.48139519896791644,1.3637584311548172,-0.4900409062157994,0.902891491128293,0.42084232881166717,3.4811641845221137,1,0.42786781234058147,2.683934526246837,1.328468084365058,3.026848249518512,1,2.178085082451242
242,52.79662670157961,1,1.8355606479067832,-0.391055165246062,0.1504690426078281,0.5655385479209651,-0.06743134416018537,-0.6010953344332304,-0.09488623200988038,-1.027637369874561,2.693736281365295,0,0.1920384153164496,-0.8781815448407986,-0.6458579341160982,2.1758239624702695,1,0.8236226192633461
243,52.49969939455531,0,1.5837896109571394,-0.6265386546434986,2.0770090791481937,-0.242366818649258,-0.5367555552925195,-1.281285733926678,0.5458106742209916,1.182830251865468,3.4721282606425703,0,-0.9145987547005566,-1.6290255003249459,-2.6377786619980688,0.26669477866695107,0,0.6729194301519147
244,40.25692150379081,0,-0.5361218336838077,-0.49561215892249166,-0.9205180351443191,-0.876481546768068,-1.659354724130106,-0.0187686173664853,0.39402785421255226,-1.4673232179284157,0.2883476243935994,0,0.6653751801378338,-1.1227424992046777,-0.48917522160837323,0.09313960039409491,0,-1.0291517707250126
245,54.3587577054744,1,0.5771497234685808,0.15313140039421974,0.7333016955003864,-0.7945401075077837,0.3728135196170572,1.0372639451393217,0.22672460759075144,1.3956846744901852,0.5055138533671331,0,0.45928355852410474,0.40973610171265196,0.8077187692738159,-0.4754252259396192,1,0.6535966166886436
246,46.810430109004045,0,0.8074972376516372,1.3149125131124988,0.636084384463523,-0.3262202600927829,0.3334114063944668,0.4960953596748388,-0.8109350888995326,0.5979664735296173,1.6255672376614534,0,0.11401337667048295,0.6919319157493045,-0.8375387902249232,1.8798062322900686,1,0.3561841275361538
247,56.30488030489918,0,0.5900448553493571,-0.9803182258680312,1.1913156415503037,1.591401480095662,-1.2677740897698315,1.2659088077512821,-1.6222560636422423,-2.47548724711973,3.381383726003624,1,2.0955105008304566,-1.7474275553478316,0.0887401086446935,1.7613611691857183,1,1.881094675621093
248,28.47506555587696,0,0.7534784673878884,-0.07038034710521154,0.6239281257844168,0.017485880804547414,-2.3314954554573153,-0.5952164261427371,0.08843401102534836,-0.7536458840445301,-0.11871559901773088,1,-0.2140108114123591,-0.6613722891486333,-1.3432612740054048,1.0106250486202448,1,4.519461829046508
249,35.34883777945049,0,0.4239436135929929,-0.20175111859881575,0.710681174935173,-0.6123732012230224,-0.42333494088492346,1.1374121333849432,0.9066155687056043,-0.5145993229053917,1.0073863758366468,0,-1.307002842596456,0.1239957317736416,0.787059248004593,1.5620234062671272,1,0.08730941887559229
250,53.634455621350284,0,-0.5452554077679013,-0.8237735516222738,0.17594856160659927,-1.2277568296518435,-1.4951090211250577,-0.05732279731227551,-0.8175043643000267,-1.1742658229835752,3.260397834211769,1,-2.4669245820668766,-0.916486921855925,-1.0816631581035918,-0.8328949741832606,1,1.78575859050295
251,68.62927585105228,1,0.2071105534304293,0.2812957850446802,0.987199201908642,-0.04142655519480032,-1.9480589696636617,1.27269634425031,-0.7704851195521997,0.7023918611925368,1.8369590214527374,0,-0.62126043416559,-0.8963631583323644,0.18523084042562,0.1334871813150659,1,1.209666991201871
252,58.350587468112366,0,0.8467867012998639,1.7721113393458572,-0.4631470123155622,-0.5410842013258759,-0.02614404770563158,-1.5071351348959496,0.4780318999316794,1.7707235095463456,1.581239876456042,0,-1.614036234043719,2.0592073334798227,0.6192465884366574,-1.4346096652454907,0,0.09308491609282629
253,43.17549065800019,0,0.46160539323076794,0.6161786119218626,0.9341173271268801,-2.203914168406371,-0.32172225794796927,-0.6902468318498546,1.8970403765802126,1.5010808934112803,1.7222608109798114,1,-1.1268978089516475,2.131489819448916,1.1172005218649466,0.42708291920190705,0,0.3728362326959924
254,33.07947584622044,1,-1.0963535051766442,0.07111397233639062,1.8870011310665191,0.5160873272624542,-0.8824000761037708,-0.6888721245412005,1.741456613278997,2.6005583633450797,0.9444901378932911,0,0.8816889962476779,-1.8409909041718302,1.1426477533072505,0.5980362669948747,0,0.5485341922101187
255,57.42686221161618,0,-0.8776182767499237,-0.43878218129254104,-0.6898066078289437,0.7763136241104766,-1.0411423843993965,0.7934366652358247,-1.0592627796953096,-2.0265263809836838,3.592129444274656,0,0.9982471909063613,-1.1073522077210347,1.7215300352858058,1.3194841254534386,0,-0.23645371556079164
256,49.19416777957049,1,-0.4092416167420198,0.046787349514288604,0.7169172133434307,0.5331405708573217,0.3055056243467629,-1.5882588409323632,0.629529960865034,-1.627467102747055,1.9514003617016658,0,0.538061591230238,0.40634290612082247,-1.0881883674232005,0.5680720085137912,1,1.0869176614263616
257,55.907042178943854,0,-0.20481350154436742,-1.7175429474558825,0.4424761194720129,1.8324421436585971,0.15372621508998338,-0.11497799284538032,0.1787235453271681,-0.16167082052154466,2.065971951835417,0,2.6090150293308962,0.3255903356890148,-1.6655842194004797,1.0522118441216701,0,-0.1503499368192132
258,51.15298722210791,1,0.15727322840385663,-0.06017799288669453,-0.9315108631513743,0.41181852813124226,1.2014338233856923,1.1542357718685223,0.44470883126545024,1.0644836699102438,1.3281391255262651,1,0.5434091760818403,1.8251664933518497,-0.1198559525459344,2.477639250511669,1,2.3272542849004894
259,50.296429251204955,1,-0.9770945033042303,-0.19329976289668024,0.11266588034477104,-0.3037870678609073,-0.17293614453007497,0.7250141490325712,-0.08656250532863974,0.8241352793235224,0.7020858045417085,0,-1.193894998559942,0.9742898708309886,0.7043743705193176,1.0646519597316453,0,0.42411250573090703
260,79.58625445893176,0,0.7949558341062909,0.4773528096692293,0.9070422622058512,0.5573225132576444,-1.994163887522633,0.03491577541462695,-0.495634911706822,-0.04332992015045741,2.6129190316662214,1,0.25813219749492483,-2.2744337456793535,0.4680861887200761,0.6497538514716152,1,2.903999201116397
261,49.93870038954421,0,-1.8575643242699849,0.9485047002786537,0.7727500390314809,0.8346677570815705,-0.7059616456563217,1.513333180220638,1.165948103461423,0.2677003209662037,1.7419070682638131,1,1.7950784579236396,-0.0352431194816189,0.8119406543733526,3.445801507313941,1,3.682511250123496
262,48.407547907467354,0,0.5287016862705646,0.7453294224006959,-0.860429082464025,-0.08478494370409577,-0.9838828231840988,0.43078362985927293,-0.9274162019627216,0.3303456000810329,2.2820811489789072,1,2.6937597410412404,0.03875746256125434,-0.5394290304886538,3.0898959448367753,0,0.6603298505298448
263,48.78551324595978,0,0.5065334276200213,-0.13193723039482486,0.2826220572917287,0.27374454256486686,-0.17644953393215,0.2752953244639534,0.3077004105861201,2.7027610025404667,0.7193679258297332,1,0.8052750797075126,0.03691236431667631,0.6548807314433405,1.4014696046537791,1,0.5231778033572747
264,44.16463283292343,1,0.644098654133265,-0.5174092690295107,0.4798943614079208,-0.10692587693820615,-1.3680479452282917,-0.2737577545092867,1.6719422021973203,1.5302735600177817,2.9461829986745585,1,0.8720546107550909,-2.0643507189353607,-0.3654212254504775,-0.6602104355874807,0,1.047262235615809
265,59.901328947153125,1,-3.0669876329246666,-0.6273930730040508,0.9247609223669715,1.384150011334012,-1.3892152356465146,1.8108876601049244,-0.005634419241789076,0.1474969691361803,2.2816184026741135,1,1.084980048335353,-1.347128215705929,2.320479564499082,1.7126122766099983,1,1.030969545305473
266,46.46245666218651,0,-1.349275484416141,-0.781705901344195,0.057411345133772995,1.2857877431689673,-1.2673848071304394,1.6116262376382091,0.6032958926372455,-0.853517597771913,2.1990543094637056,0,-0.03322021067136838,1.440217624867082,2.973095619420344,1.330066345011554,0,0.83563251888743
267,56.359427056445895,0,-0.3526960174070213,-0.6150648379593945,-0.5565917431877235,-0.22026288332274663,-0.32711179532223195,0.36724750708162057,1.2405030779795134,-2.1192610543572115,2.111822935893241,1,-0.6823875415277917,2.395959180466278,-0.07280122916432041,-0.7980675420683714,0,0.5603407005703092
268,52.84603029813557,1,0.16828203780485995,-0.1231274307897173,1.1223456942738619,-0.7746828482712819,0.6292941843005041,0.3755028231864693,-0.8463441723303254,0.7340069618113472,1.1351901729966862,1,0.5004836157779606,-0.2242758001728029,1.37195428874058,2.1477524077256165,0,1.9076876633208513
269,62.18985862132426,1,-0.08139140208529341,-1.2202520489853848,-1.0715329662258768,-0.08740857048707915,-0.44864503947848655,0.2086330315712863,-1.048497091322235,-0.09274536354525464,3.3769732061201028,1,0.9917264609717732,-0.08624402208731194,0.5952489557748218,2.3975699218609208,0,0.40451987786490795
270,54.20179596988361,1,-0.813746599970635,0.4432285913628484,-0.6342603165793064,-1.6468458816708758,-0.38816900869075416,0.06261415182840632,-0.8920037318731213,1.2857305454026358,-0.027525544596245677,1,-1.6222960323001636,-0.18510117350271033,-0.4427553265020646,-0.13493323705759241,1,2.208641480177427
271,37.86615219052353,0,1.2830439867695729,-0.1085072049969023,0.7721295152857826,0.7816859393773902,1.3877051222775012,-0.1378977421975902,2.0495770996154845,0.9167250921559612,2.3640523206250266,1,0.7400289086053653,3.57165165184208,-0.15368361761756505,1.957835814503572,1,3.1918104279538024
272,36.735122149460594,1,0.32402949958940275,-0.8348857370974414,0.33299833748136404,0.8978172774105079,1.2961868513281969,0.5261399150362351,-0.3805045623505157,-0.4482425784213636,0.8903652681750882,0,-0.3564047114120795,0.9742450538143415,-1.08647763451785,0.289085335223064,0,2.4807678487558134
273,64.08369146076902,0,-0.3947549188231793,-0.6401296739088516,0.15186976913679096,-1.0175443079150586,-0.1420606217080585,-0.7315634765863988,0.08224920682913023,1.416908129275575,-0.10571449321577919,1,-1.1182204371146824,0.5539503425167388,-0.4253975777097484,-0.5154786128582591,0,2.473272386629774
274,43.912891967355584,0,-0.9875715303389617,0.838910112381142,-0.8000355990878764,0.8580682152626083,-0.8506685869483536,-0.7808069754941162,-0.5974096256875395,2.7184269016896985,1.147114558974037,0,-0.16701174418550868,-1.6295301696267135,-1.0088247884833872,0.4961532298032426,0,0.7663555382852035
275,36.79397420210348,1,0.06821328991726196,0.9041532851715774,0.9167467010435738,-0.2128967790651669,0.6790576565220471,-0.8420898738132927,-0.7846490611357924,-1.327598750393392,2.580486664955819,1,-0.9316549720166625,1.331089927044216,0.7576109715161282,1.799187441470003,0,1.0920492836577795
276,43.30381400130241,1,1.258700440768004,2.388721279606085,0.5784624302421033,1.8944923698998886,0.003437738187446366,0.8946164646592094,-0.41676734720633346,0.09839922544377498,1.9781459530589185,1,2.35601669715257,0.3677510856708826,0.6679308967337646,0.9469607304210806,0,-0.4559573986727756
277,62.64625286968007,1,0.03517982742396543,0.5671228420018795,1.9545905197344937,2.3645252999101922,1.3397909080037684,-1.9497944937088538,1.1686692659630125,0.14327261237599112,2.388373761409752,1,3.379159885785739,2.9247653645423624,-1.0063969910012698,2.2177626041677976,1,1.237481489028766
278,35.79787001051488,1,-0.032047433171445455,-0.6756051276429487,0.700357717878425,-0.21389905774482912,0.30313521639927715,1.7499698254793865,0.3227062763130717,0.7902364296584938,-0.04061672852513731,1,0.174451355013443,0.22709386809708054,1.6888363386230214,0.3187510813587218,0,2.0457631500037103
279,41.335047962403905,0,0.06628239464487327,-0.7211457814217895,-1.3837410115960227,-1.5119635698139944,-0.677798661800398,-0.5985557134486384,0.5200869763675934,1.9092324056394936,1.0113781402234836,0,-1.013356023618584,0.20299777960715215,-1.7209368438997856,0.1424925806814269,1,0.07164890298949445
280,43.33192491203481,0,0.12061586768592264,0.38915220654654403,0.10524326105808149,1.2867248384586003,-0.6590852457555046,-1.2140232086215723,-0.42218799363626186,-0.6360631798330432,-0.2884763645131794,0,2.752220355161089,-1.8414116009869987,-1.3784823738436218,1.9733267193427122,1,0.13437521718865975
281,37.48810126526805,0,-0.23318657463445638,0.8056366531220363,-0.0886615273698155,1.7826323596316662,0.8662605692346846,-0.04539884741713022,0.7339974537673938,0.4893730148727686,1.1808548190839525,0,2.37931395627336,0.16619321449840163,0.7807676206216311,0.862389329343217,1,1.36799911962999
282,38.15672661488336,1,-0.9728550052681931,1.4077465362403794,-0.15683869431845943,0.7890875996644147,-0.4183966877503163,-1.0621869367904584,0.3930319571415457,-2.4666758356033456,1.0268731910634346,0,1.468676130152395,0.26615024834253737,0.19554786979030836,1.1013537564756404,1,1.2811417226367985
283,34.818920247363415,1,1.5290143091171458,-0.8742259308984948,-0.19888683683172326,0.04124255299774514,-0.8422578213488954,-0.6275289768361801,-1.3382727367702236,0.5242668324789296,0.6879884790844979,1,0.1650037523150772,0.7628282748409008,-0.5549997256659115,0.7153073052377151,0,0.2828771476347557
284,45.38812586863278,1,0.6374926022597396,0.10097960163864564,0.16476731075355697,1.1309628709696216,1.8007025605002396,-0.47026806207607685,0.4680878237857742,0.3086254902262168,1.3580294103489392,0,-0.23299874605823945,2.5380882741310766,0.6458075403487211,-0.09337591039022236,0,-1.1517956649060526
285,46.45091168259915,0,2.117133396499012,-1.1615925156293805,-0.7391113784814569,-1.1302346155102159,-1.1334985886355322,-0.0895115484232501,-1.0369898082400297,0.5867024524855857,3.382428926481795,1,-2.7111471550546997,-1.1227005762325641,-1.3167827644186239,0.06842214253651618,0,1.3132327821866716
286,43.17461845796694,1,0.49755594196754055,0.3798746961711634,-1.589668599472204,1.10499196924326,-1.302173920485329,-2.077574429766259,0.9471502037502944,-0.464104390584265,3.0606801052840824,0,2.6795485353250177,0.08164144663213957,-1.8395457589184072,0.7972489925278208,0,-1.205234783454995
287,33.463021610323594,0,-0.23129194350345134,-1.013397892749295,0.4083740814830096,-0.7048815190180111,0.43808849498514973,0.4171860820145636,-0.007852964353213244,1.5104762356612673,-0.30058075172464804,0,0.36099577779525927,1.266070376473271,1.005071345856896,-0.9324578389518164,1,1.1889768483611227
288,62.53335946855995,0,-0.945836680830284,1.4552743580163356,1.0947519148794684,-0.18802394936697447,-0.47971543803078465,-0.6132192810965921,-0.9042041548491856,0.15364988928826703,3.0084024887428082,0,0.3279496184486668,-0.2413842029555078,0.14030584546417624,1.6354911908422318,0,0.21593666442144618
289,36.709211708278396,1,-0.32999577217436477,-0.778015669115904,0.4603239226298264,1.3015424462530103,0.33258909358647987,-1.9447226854556097,0.5050905393644679,-1.4280660023127167,1.3950891436910013,0,2.645046979533706,2.960324293237266,-2.524955648667739,0.7598292842123625,1,0.11083259927637745
290,52.78033712022871,1,-1.152942951749021,0.6091336616424187,0.29521594428855863,1.2692175266088146,-0.32829998071089794,0.09735131660359497,-0.9420742287940977,-0.6305534473747489,2.4139372264022905,0,1.7238532877232517,-0.9987718480168358,-0.7096021600497809,1.7072328080796622,1,1.3632544724011484
291,39.25233406881125,1,2.0978406761011907,0.15112910594841883,-0.7685010027289887,-0.1460751584871866,0.1429379931719953,1.8434234826343465,0.3752263687978427,0.6984954058006485,1.4203652115438379,1,0.5777369281676309,1.9047352731361336,3.597276463960777,-0.2795045478083815,1,2.801733771629972
292,56.68316866741527,1,-0.017031709497609814,0.04908460831001962,0.8624625806951269,-0.6382134299523878,-0.05456275643256981,-1.744945740897292,-1.5432997528102288,0.8325633986737953,0.3663491376178474,1,-2.1005743217363073,-1.1910951331908244,-1.047165323318512,-1.5173034505429324,0,2.5059665083821825
293,59.55832355167165,0,0.7860566080994885,-1.8042733050866564,-1.9681491622836809,0.14025475773966822,-0.5832489327316395,-0.2036800048531314,0.2617744194514826,-0.49230063320411893,2.8766039554056633,1,-0.8589567345611735,-2.2380929427471323,1.1762384202282858,-0.3883116072842966,1,3.855627358898812
294,41.223864133723445,1,0.9619686558171991,-0.09110291269290938,2.0358269365383714,-0.8865007684607091,0.7543195493668592,0.0971965876295619,0.46110897817197843,-0.07103642354276027,1.8347998282253355,0,-1.5872211653592772,0.8954341917460087,-0.7081127695258502,-0.423445917940485,0,-0.8871781228517097
295,30.762842703028742,0,1.0809151324642843,-0.9795508784326294,-0.5539141750490377,1.2127271471665524,-0.2935230984167824,1.329421205205758,-0.9799697533621287,-0.4565519707592797,0.3684953474363839,1,1.7547741457083204,-0.5009648546339421,1.1153625634869884,0.3324281017139604,0,-0.1468731552245761
296,56.957873191396075,0,2.547869783635755,-0.5850000773012138,0.7135117146557048,-0.6697142061666809,0.10477757468130315,-1.074957160780075,-0.9929024987639232,-1.9491924490388934,3.872872561133511,1,-1.0349643960668578,2.535339448457007,-1.6223899488281235,2.1466339081606693,1,2.2011781987078134
297,68.75800546713634,1,-0.09541189653632087,0.4887209789439489,-0.4576180172565694,-1.0096104776024244,0.4724278800013257,1.0060621648601347,-0.8970769303249568,-0.02852985233708918,2.208132924133157,1,-0.9965201823030023,0.8549652701662331,0.731553487417745,-0.36342939584049916,1,1.8297478782949153
298,54.15694539892434,1,-0.18186206419679415,2.7174287328682976,0.1078503640567191,0.8767205440063932,-0.6772013661586544,-0.7410145332582574,-1.171230415167232,-1.0074513132108454,1.2987412070927973,1,2.329174955399517,-1.4016378315672064,-0.19692806603419388,0.2577046735257216,0,-0.2663243549376262
299,51.60544421479718,0,0.16448029197680414,1.8982059641802707,-0.34239374699051756,0.3580573096457955,-0.04202744146531275,0.8098382698615083,0.09401506270420593,-0.8756819688836682,-0.1194135692244982,0,0.8807576881086807,-0.910605950299529,1.674209494931338,1.9528222841296492,0,-0.8662429303022312
300,58.19760609610189,0,0.7485415287601163,0.5166361990743612,-2.002653896595501,-0.6038872751636332,1.0141136801123063,1.0762189115844067,-0.5329098293695325,-0.39234776399188304,2.6508880910842993,1,-0.1463220406775524,2.625480542076173,1.2494364724684752,0.2320417406782595,1,2.1368723710397317
301,57.65054845997018,0,0.17887710931673828,0.38539276475250644,0.6282770243849352,-0.5382927534892342,-0.0811316325937415,-0.40554524231986255,-0.8847003651658577,-0.9029437700184029,2.376883368654803,0,-1.8857689116307053,2.058973974704655,-1.0545298582083946,1.4691456327392693,0,-1.5349875430999727
302,41.7101116623899,1,-0.26885126734807674,-0.3508339108966636,-1.0691363214459066,-0.21604026521687442,0.4661739057501376,-1.2435922871376832,0.16752744107618656,-1.0650036182853535,0.8187217173127852,1,1.5995506544342883,1.6212066288716045,-0.11992645576818783,2.3942228547144,0,2.0126401379541297
303,43.408486893033526,1,-0.7159373954349632,-1.0010351157032857,-1.1496944782379561,-0.9035547545875995,-0.18061185002733038,0.3070968383632416,-1.3847336320952206,0.819534170957763,0.049338210152288564,1,-1.550019166087159,-0.42302305161799664,-1.3304467547744636,-0.8916255545962292,1,2.3805494217738796
304,56.11123550055911,1,-0.7743494839237722,0.44297474376752755,-0.4860137393798618,0.1760351306494985,0.43581542549708285,0.1276011299050779,0.26157023352836234,-1.5162717615779553,1.389024530772798,1,1.29774805590257,2.1014451918421377,-1.0559558591339122,1.3449685596495211,1,4.001202400894883
305,48.55986652519707,0,0.26947268336039604,-0.4444482168888316,-0.2856683456485974,-0.2013709281407635,-0.532854959691132,-1.1808082042599897,1.2753438160517794,-0.8286476414850125,3.7758125680544294,1,1.3916833610488417,-1.3343042916853542,-0.351177006011137,2.1346928564513075,1,2.501978806164475
306,63.166055958635525,1,-0.9988782499350921,1.7562057987803437,0.3517154057098288,-1.6402164639869536,0.024625009419558228,0.36323603563444085,2.3209564699239125,-0.7728713452931038,2.654582965964871,1,-2.655879016391755,-1.260362630535739,0.46460023094223607,0.7455877967553699,0,1.928127963307198
307,42.95657852871241,1,-1.8140325985648686,2.146384551911089,-0.5110036230950351,-0.4162211745837313,0.9173908345730227,-0.0703844509693601,-0.8765880726434685,0.8260995132610108,-0.2116441389563154,0,-0.7642971814987133,0.9202580737224231,-0.1741733458308644,-0.9505744025087419,0,0.17545778268591447
308,57.50609916868481,0,0.11523952975326392,2.1404207771662067,2.682787940292685,1.4277007016907146,1.3393085013943478,-0.05426660884093182,-0.8828736224406897,0.8282393968860898,2.1827505330405055,1,1.8646197478701438,1.0819946862117444,0.27042304090478564,1.9192936217606766,1,1.7514210553984073
309,53.42637981369228,0,1.1626299176367487,-0.635496564518045,-1.5398378144932878,-0.9291721283668737,-0.17037668933457134,0.09467969841780366,-1.343803445180431,1.8795064687040277,1.8648213993230838,1,-1.3170966979772816,0.32630035461265183,-0.5629458090302696,0.2307934043531633,0,1.332240868722137
310,48.73562436290366,0,0.6618109506348047,-0.5072673813486833,-0.32604441662116135,-0.5914879216970453,-0.06832912382499723,-0.02407297498462823,1.6797682897524038,-0.3516320108542651,2.342536600785237,1,0.08936261590774314,-0.9852745541367511,-1.0083394414990807,1.145001521379346,1,3.730105129781147
311,61.75910771834607,0,-0.017887840581994642,-1.210918886763466,0.4855517405521651,-0.4010741521035119,-0.08508947606028551,-0.5574985906320514,1.8051748809306956,-0.10113910985259289,2.7329472053771378,0,-1.50388097897328,-0.8960286220960956,-0.49630407440224994,0.23326075022527562,1,0.6217343197373298
312,56.8007153286743,0,0.40300183238618303,0.6483980751881049,1.0881990805676394,-0.10771798323020222,0.7615377200837649,0.6042612496532112,1.668022036086841,-0.8200334832829367,3.852423705858134,1,0.8610419588716409,1.4682407207540862,0.7201049929629249,1.3755970226488707,1,3.1685998886732327
313,39.95032846617896,0,-1.6471157029611447,-0.8548356658163554,0.6289603142787802,-1.381102818652112,-1.89844024699769,-1.04776015656747,-0.6431305557976486,-0.7396565828648572,0.6237900988946038,0,-2.657763281791423,-2.0188798115499336,-1.2801258732101681,-1.5621079828029854,1,1.5373390373755371
314,56.40218680419847,0,-0.6896401644574376,-0.6037733672032106,0.8466387831664968,-0.7849476904517785,1.2521903211219028,1.948520557817264,1.7328091418925378,1.7950482323074175,-0.6676876423094535,0,-1.7247905286930327,-0.516357278758415,1.950361175386168,-0.8311848841591276,0,0.8619347131594972
315,63.749906314941995,1,1.6780687092918196,-0.8875696170572964,-0.6931988866936714,-0.19197204902306025,-1.2265955933191148,-2.7412196595819784,-0.2436886559107836,-1.0028809645493777,2.7302368157198154,1,-0.7262353692429995,-0.20743924826316285,-3.7318201156035875,0.4998304495813679,0,0.2945584545702189
316,48.69555311015376,0,1.184118747595956,-0.5568334395724496,0.5952499146229366,0.6200974075983363,-0.4631684136577301,0.8055726469719708,-1.7658716147511593,0.20486880796834794,0.9649599542863088,1,-0.6654728730169008,0.9738281473469617,1.3258060839424655,-0.867257854286299,0,-0.18666111900363025
317,47.513441496150264,1,-0.7115726710364101,1.6537258920055278,1.3028045418085767,0.5043051230094371,0.960362484066467,0.8684198988976977,-1.7932285557930927,0.19918824873015067,1.0051394445797783,0,-0.4660706613173691,1.5181614247110677,1.2175984249597538,0.34367016045884946,0,-0.7021631275782073
318,43.30352852356475,1,1.7543122584142423,-2.4666670681049836,0.4924821669743467,0.24424764142831923,-0.011600304876539883,-0.3076232306867069,0.5153227714123647,0.08024250197795582,2.569700042726826,0,0.8365317473057754,2.2972035306954655,1.9031551345262308,2.715535410881737,0,1.7974260621324063
319,49.86396114324649,0,-0.7178908918135632,0.5258928211564377,2.3946809225908092,0.2492740254192063,0.044422677971884095,-1.1937597059336968,-1.4653126009151392,-0.5423711946848196,2.2206448067851916,0,0.20346808160222443,2.5292243467382574,-0.7989839554268257,-0.40785167803853184,0,1.6031375099976486
320,56.8620068605291,0,-0.8231920384715771,-0.8063986460634309,-0.05939134613500154,-0.9709573250942085,0.1695153386115914,0.06953744875166164,0.8554996362034138,1.4565318865606198,2.885575493238737,0,-0.7571869429226218,0.7013541265081834,-0.773074555244708,-1.737863454469639,0,-0.615822889845076
321,41.82331700421253,1,1.5359175681673771,2.344212722750776,-0.33043827775836704,-1.918482097505127,0.28582007806734,-0.9616848176968126,1.0281665673979734,1.046854089821121,3.3022895325283894,1,-2.9515276770567445,1.0868324948242185,-0.8635108435542591,-0.8613059819132061,0,-0.47662755947802293
322,36.5364243926276,1,1.307740053379758,0.8279855268731817,-1.720798089653387,-1.4137830392210058,-0.24132728587279345,-0.3213372003433166,1.814466291881073,-0.40916636383671195,1.223911834631156,1,-0.11474071275011766,-0.8578514475190647,-0.1725175172166438,0.5950444794741263,1,1.8176229126329244
323,46.242500890180736,0,-0.5885595026031588,-1.018750997072883,-0.44018688038573034,0.3541815663527943,-0.14329290550347593,-0.8893451790012477,-0.4605302513221137,1.9662152813609215,0.27438095911483773,0,2.069680734702119,0.2653934231330568,-0.2185134589941573,3.0386875106917133,0,-0.12838826780907137
324,36.2027502134125,1,-0.04908882458397935,-0.6107493242365146,0.5133014056010745,0.4740743527320202,1.1579031136408269,0.98194109946547,-0.9102693200829461,0.9385036497516572,1.163181841449155,0,-0.5457365640278604,1.12245580771087,1.5515288752241556,-1.7690517330601931,1,0.7920874737728183
325,55.232184412826314,1,-0.34169998149172376,-0.569930871395783,0.8965547239451146,-0.9789469854985379,1.0951782147289946,-0.07235458411093545,-0.7809900143562014,0.16136959343459353,2.067160852015087,1,-1.4084499102997248,0.07128847488105716,3.1810414782567666,0.22344175596627852,0,2.1240690393298625
326,45.73310230006199,0,0.5041385551044657,1.1506579954361567,1.3971301644324212,1.6728352638987058,2.290400648071027,1.1574755385949118,-0.10711762305049247,-1.5180047391180733,2.8762146634198933,1,2.5511557476235933,1.0054945996748375,0.3997487635970365,3.4028610634782943,1,0.22013474448371895
327,32.44598155449194,0,1.5673919184672251,1.6944674024465378,0.2203102210926203,1.6388894385218575,1.4964569512170725,-0.04916653538941217,-0.6578851464706811,0.5410512872290235,1.3287918278847994,1,1.8777708384521317,2.2581112126711624,-2.1618971109500413,4.102733728766195,1,0.4464262796724541
328,46.5139248526149,1,0.5321545423629521,0.1536175098706156,-0.569023143979162,-0.8640039343737169,0.6833116538493447,-1.7689209395430137,-0.16451436541051015,0.6911869206254938,1.55963263892919,1,-1.1345731109300572,0.1082887777338487,-2.9856548797479237,0.6732317016640736,0,1.5112283455704985
329,48.073850142059094,1,-0.11390441158897109,-0.14322107559133732,-1.3185042818966368,0.0921998180827735,0.8495070545596717,0.16801232575668595,1.1379480390764711,0.22118135419089852,0.9925681431045648,1,1.05132717302391,0.6602536008604698,0.39468700631717313,1.0903545912225778,0,1.954479008048876
330,54.49135613359717,1,-1.346300009243742,1.04374501057934,-0.18218311797345813,1.0758234658230676,0.5809123158371082,1.393398281175813,-0.19205550423108148,-0.09058448823012272,-0.025812380356033726,1,-0.16189081508322722,-1.3154265219356145,0.15395872847427272,1.331914268022596,1,2.1367235734011363
331,48.546364568457896,0,0.7779631319183593,0.027361259258408762,-1.0267599352093006,1.4912699338577846,0.17572546998893288,-0.12673210762912762,-0.8841246339538159,0.039628281335020415,2.5256250543680334,1,2.622760087916157,-0.3423125750228888,0.07075037137678039,3.7792956484844185,1,0.2796088768560159
332,68.68726456839809,1,-1.2229471489491086,0.4679559164605835,-0.19992671407870502,0.2269787812296207,-1.2399081627152748,-1.2297054045107676,0.03389614787610607,0.30197072399087616,1.7614658167408883,1,-1.314097814983251,0.08078267342427425,0.5351587886631555,-0.09696491606816882,1,0.9048677361130468
333,44.81296148461001,0,-0.18713306849562902,0.22130404674730697,-1.387912809007684,-0.483486748032852,0.3259851967124644,-0.3375595378162565,-1.2038746080265077,0.30662433796734756,2.0311452233424747,0,0.23273936665515732,-0.1854717962660266,-0.6539517056779998,0.6088306150680055,0,-1.747659767856986
334,49.37601451417694,0,0.9582356438322627,-0.7882588168110902,-0.354351970493869,0.584294792763969,-0.67024220090121,-1.1274538664752012,-0.027718023401471902,0.7248561057772702,2.1470290983087774,0,1.4253985858317435,0.23173398947336943,0.36797942102757575,1.6963994016036623,1,0.545321419839477
335,48.97089385737329,1,0.8112254601483228,1.3632630533652292,-0.6319027944549395,0.5106105412209134,0.4795637465073256,0.944682835541608,1.3080098531174522,-1.1787225343151895,2.0496037445472517,1,0.13113740287289766,0.5336582496877015,1.485017866407026,2.18152898576892,1,1.3799813173901696
336,47.17371615592977,0,0.8387132753247712,-0.591859474907577,1.0193081329782692,1.7234316272759826,0.934206110657246,-1.1445729122890198,-0.697397476948999,0.14047755182233243,2.839670983459159,0,1.6804786876511535,-0.9276786388754307,-0.5722426142538974,2.678703859495585,0,-1.0426300177853687
337,51.4242558501294,0,0.6989212351823921,1.9377992486854427,-1.1696097911484176,0.769609351124247,-1.540872277393775,-0.9950998346946196,-0.8534058755721666,-0.3909962682123512,0.022379739035427004,0,-0.5462374284696465,-1.3121032480606236,-0.4225563883757776,0.8375941665802124,1,0.3578079605691209
338,55.412312971976725,1,0.1458594613837427,1.1801838355576113,-1.6857357218488684,0.49932439637971937,0.8749904381595299,-0.0662222432036711,-0.1833780529194115,0.5187908153610227,0.8803107587596226,1,3.0081307518559495,2.6097879915441835,-1.1317508334190063,1.5196503997356563,1,3.2220454132852367
339,63.400987035364345,0,0.3021546244217711,0.1937008508265507,0.7843742585875035,-0.036262782897805754,-0.1990800322333295,1.2604696636078543,2.1205677464078265,-1.78205950692599,2.5291241620112106,1,-0.08359398268169116,1.0931114295985667,1.2576596922939982,0.9115994130926625,1,3.357661547237448
340,34.307438726055366,1,0.0920702647204346,-1.2437856794752757,1.505890184197978,0.537685818579052,0.9198726569833479,-0.9594279402256995,-0.032469503277257505,0.3079582729689019,1.48288726013161,1,-0.4294181290535011,2.3804393292007404,0.8110570560066771,1.0830804516123254,0,1.917377584688925
341,44.89657126193879,1,0.4825774322224879,1.6758270969793119,0.7732501154784233,-2.158262749821243,0.8290233772834656,-0.22397658208087706,-1.242326691657605,0.21784101518019497,1.171696590514987,0,-2.7236182649345073,0.4682770785989826,-0.010852034997784865,-0.4673696847981317,0,-0.8988816971280859
342,45.522285746477564,0,0.5352364410049112,0.3153781421219002,-0.14216649334984452,0.2657557673059738,-0.9272849136113323,-0.4580883839669535,0.5899693696101097,0.5666678480720821,0.7161196246767161,1,0.3242230360277766,-2.8484034242953067,0.4097206116471692,0.41330725297575416,1,2.817063034894264
343,59.37850297361706,1,0.13332849219530085,0.8935689453268618,-0.8586556466535579,0.6458421557353594,-0.417055972560412,-0.36641042328051426,0.6038684474185401,2.2073373990751506,3.2633798099448277,0,1.1184086159543751,0.3426367227259887,0.2779142967608223,0.1112929656126902,1,0.18790242462174156
344,46.43336938926656,1,0.5138141224640587,1.4769353847613327,-0.20955783203154624,-1.6021448822428073,0.4529321187127273,-2.1829801520937617,1.459697146722185,-1.805232884964254,0.7254620455989175,0,-1.151774034489394,-1.2541948715609064,-3.1323590719658316,-0.06333146959328106,0,-1.1255761260875137
345,31.048244069206813,1,-0.684821028359514,-1.1200027152748215,-0.3948989040321151,-1.051898003828802,-1.427776219878081,-1.3765738509807943,0.30479559045375115,0.3345050488386632,1.2202065276165512,0,-0.7644736930193001,-2.217267101394564,-1.3837659846881982,0.7700232251334993,0,1.0652199806699534
346,50.87730463866576,1,-0.30695667774888535,0.36363044399641237,-1.200887944471744,-1.882445067252927,-0.1556426367733712,-0.8181402410399536,-1.2199403538776714,-0.7514549212717022,-0.36552583261847493,1,-1.2367032990207858,-0.3843373560456565,-1.7694928830359595,0.18964489499970016,1,0.6631524431884908
347,49.66310768459061,0,0.23049856102367294,-0.37692615614045516,0.013218271020361595,0.534989211616365,1.4148365140217607,0.28970680139016225,-1.3327400740069237,1.4705397771743045,1.1633755782979756,0,0.6086528170707307,0.8871842240874949,0.24539945665432333,1.8546929098650493,0,1.1864527667380675
348,51.797515657713156,1,1.92351298256754,0.3194887530040092,1.2879669272789571,0.8203420752536621,0.935569640810976,-0.5728146378984611,-0.3537522036561207,0.10331471588482169,3.1118635071834246,0,0.9262232727039967,2.436047750539531,-0.15758379502933678,0.019441535474782556,1,0.7787920700566733
349,39.59837119020518,0,0.5289908441296284,0.4571267746988636,0.8544931502416273,-1.4210396388442774,1.5805472792311686,-1.5592620464682547,1.2662299100720142,0.42624689244060165,-0.25068485817714103,0,-3.3464984331044896,2.6924850919777423,-0.9830907571439474,-1.5425122185837004,0,-0.9607933302093493
350,67.19034681084503,1,-0.13473594673016337,-1.6635738913517661,0.35312621548992607,-0.3039721850644434,-0.5524480624954687,-0.34714862969050436,-0.8539848106465058,-0.5233030743205498,2.2868151862465282,0,0.6127066973372268,-1.9834285049348725,0.8126833374858864,2.441577472330721,0,1.2223675658596354
351,46.76140216214654,1,-0.220223861801263,-0.22807947633752781,-0.05712070886399012,-1.0006832841562354,-0.7210259044806027,0.31358315570186923,0.3980329584207737,-0.9849974682835654,2.3513090804677135,0,-1.9405673901533627,0.6163783200401318,0.7917202664256476,0.2849456858546118,0,-2.3454208933036016
352,48.11703141506333,0,0.7441655087469387,0.08964910311420293,-0.979311909412939,0.5512465941256914,0.4824290935473474,1.5625908848796115,-0.5823084853359991,0.3629358377001142,2.499578457042073,0,0.6405846557753749,-1.204243619859061,1.0959903197829108,1.3084908732652794,1,-0.011795650263559665
353,40.99991430190839,1,-0.09726131934254258,-1.2523250693317478,1.090262908164739,-0.9680974218663632,-0.5688999451175764,0.3285564841955228,0.41218812005639816,0.5730297536559318,0.27016721274848743,0,-0.30128306182863673,0.6897798050069844,-0.016263511993930335,-0.24881574582995308,0,-0.5573184993225697
354,40.68997996125276,1,0.6373809855455995,-0.7353475428889652,-1.4370520646669036,-0.8916225384581163,-1.1909939572577772,-0.98813738039501,1.4645930408914183,-1.34579341923154,0.8480719140041958,0,-1.8415566496621862,-1.4935280314110937,-2.110443850299896,-0.8083036972218313,1,-0.835422309735163
355,37.77263040251215,1,0.5116040560932082,0.12463486560991782,-2.1431518079395637,0.41643500965413127,1.3165157419177576,0.0037671170147674923,0.23919160123627511,0.23981982148629585,2.1256373124311447,1,-0.1951044380015382,2.4977309465415187,0.7955499783683677,1.4586953519310475,1,4.003166862348419
356,46.06689148218843,1,-1.2460779672000444,0.6862426243888206,-0.06251267607223276,2.3260979518263705,0.9911714358846095,-0.29121090499604124,-0.6235489934045669,-0.01919829904170186,1.0920435411195295,0,0.9353271215200665,2.0807804842153885,-1.611731748749094,1.3924776865782569,0,0.6722194541658264
357,40.42418161243366,0,0.4727850227216749,-0.14670394375406343,-0.423203901284293,-0.8148491453533555,-0.1893309956679703,-1.4371653023892539,0.44263837686861957,0.15057849674298152,2.698211094455635,0,-1.9164605021132808,0.7101139266298794,-0.9893304232184854,-0.08665340490919624,0,0.15419145382786945
358,70.56467341225222,0,0.4656238140107664,-0.6987855544950595,-0.35449301510636894,-0.6776194780380167,0.5076917338637856,0.03558391598378712,2.2099015144542187,-0.2415973965042415,0.9759367336846116,0,1.6294583930967406,1.1189856425248936,0.9372112251040641,2.2294795938091827,1,0.8030062027991209
359,31.11507619613185,1,0.7966678681054704,-1.0041712385324686,0.7251287760292471,-0.3011424654038993,1.6269784216705716,1.4075059334840654,-0.4077896793791651,-0.42161102815348594,-0.03215208006008741,1,1.5376990942972657,2.9952066789484264,0.8747075067032866,1.7881460471455641,0,0.6184236589593702
360,38.71669451818207,0,-0.8370833878319596,-0.35727125323695724,0.5392515767507919,0.5857035600351898,-0.7592951959129952,1.3014417442230182,0.3673266296923321,-1.1552126825777247,0.09140133259871264,0,2.15753824059828,-0.20369095365265355,-0.2322831922864994,1.5022936556375717,1,2.1187709072232193
361,45.98585571542985,1,1.0941101001320168,-0.7990228463379194,0.6641968457969074,0.18741236367050843,1.4224775388247506,-2.7230512123226,0.9687324179596136,-0.4898248601485416,0.9338234965599839,1,-0.026288155529610835,0.017325316021575388,-2.99736754895594,0.4750315790677605,0,2.2806120635901013
362,56.73491278098325,0,-0.16679749129024285,0.5953157747638944,1.0906690619764983,-0.644915462030691,-1.06782164194289,-0.17416881704472187,0.9961391491604371,0.4756465591680806,1.2420620848236021,0,0.08275832578520026,0.21806899262804946,-0.19617517132314463,-1.4992687260805235,1,-0.6743588756081
363,45.86243118619937,1,1.9882743333680895,0.2529991518497392,-1.268311845633341,-0.457809536855469,-1.1318805709727064,-0.4369393998094291,0.7621854199314589,1.9326595848325394,2.364892971910509,1,-0.4704436415477538,0.8708547209115127,-0.8716094015770971,0.8839394323144851,0,1.6177221920110427
364,56.75963393002978,0,1.7524329545580741,-0.6502558782754203,1.7490722376434742,-0.5526742256077827,0.18326103860339402,-0.27302387899263014,0.379098499875313,0.5017035971049526,1.0871169201104152,0,-0.307620524205409,0.5369559185941264,-1.2521077895869102,0.3008728634824358,1,2.4372792901063987
365,40.131961107096785,1,-0.6080601917118509,0.2280250861827944,-0.8534813761520919,-1.0995483890515523,-0.4779734697193579,0.09218488240973201,1.477032933714188,-1.817325410506995,0.5438061432414005,0,-1.1986390188948426,-1.412132974100214,1.4119725134878767,-0.2093656208132602,0,-0.31563784116847954
366,50.59291133894707,1,-1.36921859489701,2.3304635078602445,0.30959150021116155,0.9984758741149139,-0.08979923478123761,-1.3286291369459649,1.1878133960059944,1.1159214355356497,1.0318880280717067,0,0.6072219385208542,0.8645319060472314,-0.40939660569831415,0.5668160000726208,1,1.0344203791194593
367,67.44041087010834,1,0.6972424445758336,0.7523667826458134,1.8739080787231819,-0.370366232788455,-0.24155295225487158,-0.280113470172979,-0.45266616167793594,0.3648965917761496,1.6483157855586792,1,-0.5645096627854507,0.44331898415093096,0.4876928820875789,0.6212798251293044,0,2.496611866924848
368,40.32255604300522,1,-0.8199690336079428,0.254654298606135,1.628865159116666,0.5148056015002305,0.9560858861887714,-0.26395560844627947,0.45193115472245243,1.2779067832145001,0.5854683986776836,1,2.565175297210382,0.09242810734884843,0.24251665998112068,1.608143071949435,0,0.47832799517515123
369,54.195676758953944,1,1.1475075230778675,0.717125946961152,1.4133772534344862,-0.6202054440920152,-0.42379420843573573,1.7918018768656743,0.35234844937741006,1.9354188504265937,2.6051435104865592,0,-0.6369568615291774,0.5784755888399948,2.524708413995035,0.7055779320944291,0,-1.5470988642923458
370,52.0692751928326,1,0.5298618776070972,1.2642476921902,-0.02163331487861539,0.10679339711516021,-1.2495567424551328,-1.286206657582003,-0.38994841544781783,1.2552634059399503,2.1257801804942926,1,0.14988556333217423,-2.0482642667588613,-2.3484781216841712,1.0652751093471986,0,1.3294219007414927
371,27.4846501401213,1,-1.453608991147572,-1.52135067197716,-1.4585243788912094,1.070293877779133,-0.1076349031215477,0.07622712370744067,-1.9844061759746647,0.32673984798983635,0.8756824900016351,0,0.9331641633969323,-1.4589776448306317,0.862657259168523,0.29037504029777955,0,-0.02137432373061239
372,44.110294535293214,1,0.7820642441934978,-0.426119479032895,-1.0692713683566133,1.481576775969997,2.4025896115851535,-1.8168895491583412,0.8858800034972145,0.004370777846589107,2.740650374301607,0,2.3483155655089156,2.2488511226579146,-1.6489332906902263,1.9840315836365259,1,-0.1338970695942725
373,61.3115190530599,0,0.13725091856077007,-0.6170953062275772,-0.31669551380755145,0.9664451668822399,-1.143438778877937,1.3264927954695254,-0.4819834833252406,1.0389930748665768,2.244021459170414,1,1.139284549301858,0.3148357820941694,0.6881996328755186,1.2944851257712218,0,-0.6946485272014209
374,51.35077672484699,0,0.41211162392746375,-0.6456835185272906,-0.6841537073963396,-0.9046653526358851,0.1589154538275035,-0.39638305606065444,-0.3077727673485534,-0.35812932909202877,1.3826436358569092,1,-2.441068256111444,1.3079274873593099,-1.4489655392499046,-2.050543772077987,1,3.4960271302846424
375,37.877310371039364,0,1.5240465997988104,2.1142782251991656,-0.7176642697620765,-1.4636153833770533,-1.2718040075048267,0.20390652744977197,0.32728830226905353,-0.1111580463754777,2.0431812870670605,1,-1.6121300820395534,-0.5521509451680536,1.0351895680232763,0.38116645865314847,0,2.879089657119276
376,56.90777272915643,0,-0.12992216206212254,0.5102830033615648,-0.235847506888119,-0.027059831342167176,-1.5488988399402412,-0.3257583742046623,-0.9027640360669008,1.024790396283746,2.1862627009558073,0,1.3993996578313566,-1.3065980546194154,-1.4119643055551228,0.9011661793596167,1,0.3698459000560494
377,45.20877054685647,0,0.7580217313831278,1.1157997481078155,-0.6395052389418693,0.49971685331273885,-0.619423017636989,-1.3909841599263852,0.4549070814231941,0.9728907359121984,2.8101125579640334,0,1.1183406466394827,0.18926456981845585,-2.087329147190469,2.1744260009001977,0,1.5494465613505373
378,53.600507280808365,0,-0.5983886703421485,0.29893226863566097,-0.5160835504733431,1.713601052470547,0.8410044711639679,0.22828033473481704,1.3899129366932728,-0.532497619774614,3.3609849618601997,1,0.6288345644130335,2.6449251292932687,1.0436383357314414,2.4237037038254674,1,1.5631947285345449
379,53.769201144376304,1,-0.5738049282801106,2.7528642825740155,0.09250473042397364,-0.08322030938814796,1.3741082098621233,0.300930372018081,0.22232147707679892,0.8178989695545668,1.6018679941162,1,-0.655506522028658,1.485632257337688,1.4181509806798756,-0.2929697847726029,0,1.7209141490620883
380,38.81304398854427,0,-0.21814751367315194,-2.0100387475151806,-0.99077848519432,0.7991663740910444,0.10004036610637448,-0.953040365415344,1.2017173724746708,-0.8952158719042868,1.0904069927619449,1,2.8995157857071536,1.0779049685036206,-1.1234799227456858,0.9649621691225084,1,3.0681794508391658
381,57.89828034734299,0,-0.6203814024150773,-0.4843848029198007,0.7181741659230169,0.2846633181161682,-0.15446305062195378,0.11488912199188604,-0.6625159684056526,-0.5216536737585488,0.4053968662410883,0,-0.11670946963905471,-0.023359052519082546,0.0839680789855362,1.9711375833305236,0,0.08661960476079948
382,39.924911987648244,0,0.5678614983385143,-0.44062129534732625,0.9464727291521627,-1.2166328648192966,0.515806807273499,-0.14740144890749388,0.5387848618615825,0.628313326198999,-0.4663260295225651,0,-1.9668095812466553,-0.2873313127536319,-1.1250143022007217,-0.8968672845022903,0,-0.14283347388403403
383,36.9421413365836,1,-1.3234362658012644,-0.34879354756156666,-0.4578313822840669,0.6474376516389457,-0.5975635799963346,1.5780843679544272,-0.060528028831442336,2.188399364651154,2.369052804696659,0,0.7166080777375895,-0.8080770206916712,0.04116819647327552,1.1411847638378367,0,-2.4580270495946865
384,41.17171012277963,0,0.8295471443189064,0.9145018400488154,0.009846404502042282,-0.12855943010596876,-0.11688063339294152,0.910316051098868,-2.0732148942394,1.1236675724319993,3.4883255037703464,1,1.3139823335180218,1.1685495729656274,-0.8028019778989144,2.659857493337966,1,4.322590479524939
385,46.539099661368056,0,-0.7615285872916671,0.09020442742175916,1.5183656317729903,0.8684421763057941,0.7162681290366002,0.8057618858122031,1.1492510396095699,0.24993685650884945,2.497754429827559,0,0.130278817850912,0.5193407512246674,1.323473788841948,-0.11789694981448906,1,0.7779094483255173
386,51.094031564412624,1,0.377704563816253,0.6505337571611308,0.8010172717583802,-1.3687824749632596,-1.5897266668302197,0.23164771284365296,-0.041179977303795884,-1.6580402819471303,2.1129289198285504,1,-0.7674243805762485,-1.3371464014480248,0.9916104107456347,0.2554369651832464,0,1.2115850830149035
387,42.2741626762756,0,-1.1874332614721435,1.0423080349227836,1.6168165154998853,0.8206368618198128,-0.5817796262098377,0.0841324413749987,0.4433170128049081,-0.4755609153097378,1.7648402234202232,0,1.1416401568472245,-0.1945197817513421,-0.6336022832138115,0.6330517475916344,1,1.164626130954085
388,57.44819312395116,1,0.4777323737584165,0.22540802384624264,0.7709584205150708,-0.12039860446465657,-0.1810848558979291,-0.5460753754055956,-0.20418046861139633,0.18344953522032303,2.768272057537951,1,-0.6818352940066569,0.9565024383745768,1.3387780235846929,0.40294601529341934,1,1.190992881987388
389,52.51464184043594,0,1.0840074959436148,0.7285279300579416,1.0314195607783336,-0.5088272868478876,0.45550829679099175,-0.9545638620652884,-0.25295345220926835,0.4006463850330116,2.00790041760749,1,0.04569011398277134,0.9180716819988499,0.22725921012279904,1.1799209683324177,1,3.7371510623690742
390,43.05201784894497,1,0.00977117294194641,-0.4402442794764151,-0.56579144690132,1.575350721616667,-1.6178270218511206,0.9901294612964189,-0.2808783296500174,-0.252126118055841,0.5267844497469696,0,2.2245563245517266,-2.510580597213321,2.0017976264601938,0.9390460924466856,1,0.11590795776237373
391,58.88992917594855,0,1.548682238777974,-0.6448778916640461,-0.029671411625188687,0.8245317706362981,-1.8164642558100152,-1.1299161456279618,-0.44202458560330227,-1.7063830000175977,2.310595273121267,0,-0.9186411293682922,-3.776093513657617,-0.5865241419894928,-0.016430411853482374,0,0.004867201557929115
392,61.61068357646484,0,-0.13990735194170767,-0.8862005080977896,-0.7633080798701835,0.8047021406723436,-2.0668751172360063,-0.1041785846495527,-0.29785417102716577,-0.5852971475199387,1.9172920403734022,0,0.6194552515244927,-1.3279481392171801,-1.0244584495620597,0.9972849681743973,0,-0.595071373517607
393,49.013153031904864,1,0.4113677518798839,0.08440803310980834,0.08387603852267062,-0.1350923117343272,-0.8082541519876134,-1.2515355352071658,-0.5880962911944706,-0.1331119648183499,-0.11002141906883489,0,-0.21899983472877935,-0.8209710900080006,-1.4276185011299176,1.200516376998069,1,-0.08266264017713465
394,47.85016955036109,1,-0.9254669730976067,-0.9541410925618901,0.5436091569432769,-1.160557654868494,0.7264939102885871,-0.3000568884808539,-0.6453336659099662,-0.7967799757938391,1.744849427532455,1,-1.2901445948382118,0.4198009408526795,-0.3436990983230634,0.7953025960854267,1,2.6776425680279585
395,32.26228646743648,0,0.4384309028244546,-1.0699506201605071,0.2350616684455662,-1.2848168429316364,0.4509563736754078,-0.4847021403246162,-1.1698101887335752,0.5254147313319268,1.2585557135197611,1,-1.145628820783715,0.3364085940290547,-2.994890784860984,0.6871965405281522,1,2.0103726371699273
396,45.92487407608531,1,-0.5681392927117446,0.6514087423401941,-1.49736176944648,-0.3268619549941121,0.8874016639338459,0.6120467614402338,2.7231112785081693,-1.0029182429735901,-0.4937060735512169,1,-1.1853364097136667,2.1939608074208063,1.3061269467846441,-0.027334473871947318,0,2.1813021116486935
397,47.08493287434635,1,-0.7203913135896711,-0.9304122492273423,-0.7898182289261692,-1.3908269441153953,-0.16895614409000842,-1.1850494841979633,-0.6553312741948755,-0.19849053961770233,1.4739309023800249,1,-0.8618815602104255,-0.14523488445541677,-0.6125636582697485,0.46799527253759227,1,2.232849088718358
398,52.45379407259692,1,1.580103607920915,0.5674287928700561,-1.1779776687072545,-0.4728467594821962,-0.1628733026950975,-2.591967693410633,0.26705732517328545,-0.4448321995333165,2.466885220461998,1,-0.21394608471036486,0.206447994040486,0.14992999337273716,-1.1410488119099993,0,1.3202556049462246
399,48.31573568369527,1,-1.2702208551738379,-0.3221559727873218,0.3122110325270725,-0.04423486774065328,-0.1370279688158636,0.37417463871115864,-1.2408989360383038,-1.9625648121175678,2.4469888584724195,1,0.5947854743842278,-0.013012563690124823,0.3288197511328743,1.6063586787901518,1,1.9843599814462125
400,52.440269381404946,0,-0.11476845717851916,-0.5786848671082763,-0.39255867067741357,-0.34989830861212545,-0.4804667957805221,0.9845074940212296,-0.09280554422787264,-0.4104107058950818,0.8047104094334381,0,-1.590095394492438,-0.12595196364961614,-0.5584388556413468,0.4509980147144883,0,-0.29208173845276597
401,65.34090289303865,0,0.7127902640786932,0.9086255721129254,0.2697530513671036,0.19771027615732606,2.5352904213345884,-0.591298667820565,-0.9387348834442789,-0.10020831860364854,-0.43303301430513175,1,-0.20397966591301803,-0.2455504325176654,1.1535246841621851,0.34805355924969256,0,2.9227624068486646
402,44.700859013663234,1,0.234070906216228,0.9923110927289581,-2.072002754509709,-2.292948634987921,0.38532126432210295,0.073651360656532,-0.6979144223735019,1.0274479351554837,0.6235745865241088,1,-2.3959275136973424,2.1411488572653994,1.116070913860018,-1.5179673455039382,0,2.871400931085783
403,45.09027717434153,1,-1.847326992907105,0.2141977944806523,0.09878646811873146,0.7921211231140994,-0.8603023942858615,-0.2564720100493148,-0.6981705903762352,0.6234464671058866,0.8287542529684537,0,-0.47819689601504267,-1.4953690403287845,-0.5218476318270218,0.9952062678904854,0,-0.8619771668909917
404,36.908346856974184,0,0.6039092696727824,1.4100295920320967,-1.0207165987381428,-0.11936143785987349,-0.21281195088705473,-0.3719559990474221,0.23978040218301322,0.13156911730384083,1.546313900833312,1,0.4225657227098675,0.481063632536108,-0.6792616014111784,-0.571820129816853,1,3.2147271416925154
405,49.913395332584145,1,-1.3789989584072906,-1.6815536670926081,0.7133492388724929,0.5725084579228136,0.9080618134659295,0.5947882689764992,-0.6910850548333292,-0.2925037614872583,0.13232673240243475,1,-0.2357872135879575,1.4059284395017921,1.1135217947702511,0.30117816971933953,1,2.3390516515040907
406,59.7681298246961,0,-0.44325194864561407,1.0808376836661575,0.7715476246924788,-0.3693339793839124,-1.9300546892930797,0.5086925641142346,1.582237399636049,0.44263490782147524,1.9943652957428393,0,-2.4116792568202867,-3.3203842735717277,-0.03969880129206438,0.4473382918715014,0,1.1749690217507323
407,32.48929650807631,0,-0.24424265253432287,-0.8038526788497165,0.5557244678503329,-0.14255071399959768,-0.26517232558539056,0.693653350588249,0.12730618112561112,0.2840684759503114,0.5061674899505493,0,-0.8305639312670885,-0.7236476210829077,0.7319737942434728,-0.033042708044604546,0,0.9931958443520187
408,43.34143032980612,0,-2.9200293203145584,-0.23086034401902272,0.941994389321688,-1.1114868316627942,1.1115010206027893,-0.006418673149579706,-1.891235046528835,-1.8875269794735519,-2.0327612744440198,0,-2.106377775271215,2.486328382865715,-0.1933231654103633,-1.7470779943677752,1,-0.603779762131373
409,50.35940502503919,1,-0.10590056483626414,0.35855119335071156,0.8102673284076543,0.24053682978338833,0.6054212010988963,0.1665112529938395,0.37489506197570355,-1.3459397229340235,0.9982552105419513,1,2.402575943141392,1.3088939920459879,0.253758362660047,0.7515169721657231,1,1.9981673671108842
410,58.50102883524437,1,0.6658773971612504,-0.6936366166449239,-0.5173126791403467,-0.7140618242909139,-0.454346123577981,0.03399762586016582,1.8724007716209143,-2.2406271124960484,4.084189236468018,1,0.7929930930486286,0.9699010962870311,1.6731982595055734,2.031176659237417,1,3.1464959824918273
411,53.82870239026865,1,-0.17008442603377225,-0.04264204075563267,-1.445273827787141,0.25284463848851313,0.866107796004531,0.3370178955700687,0.2924161950954149,1.0514159581757145,2.071812450096317,1,0.6823232377357085,4.347034965290273,0.39492399398310896,2.6297444434359534,1,2.285077293024655
412,53.254636281821305,0,0.18492981340062184,-0.4267433697918433,0.7144915545379406,0.8610776230239654,-0.10568305242972206,-0.15993448893918238,0.4999046058047116,-2.74919406452673,1.4078805842737965,1,1.0200026260410664,0.5626784516663287,0.21130546689517946,0.19145630139689707,1,3.1457059297836008
413,47.756872140290994,0,2.2617868537858277,-0.22768915420673522,0.32185471121069686,0.16312634075136656,-0.9795041922140383,-1.360900144059958,-0.29277328863932156,2.1451512767512804,1.7440873956982657,1,0.7812036005474778,-1.0429829432551276,-0.5728000014381791,1.9641708768149713,1,1.5792173868271555
414,54.818742570187155,1,1.1254402330183642,2.1044992876141975,-2.2768771190121924,1.962036528325299,-0.20072757772744004,0.12926218617297155,0.6184662867163385,0.663666100241126,2.1341264825270234,1,1.6654493177362706,-0.5590474474457888,-1.8539733368562001,0.12542992569979794,0,0.6922847103416316
415,60.14303883533461,0,0.059385817711858885,-1.8566616839540602,-1.714426280390934,0.4211267826854898,1.324337831620748,0.2861607410661814,0.9741943859221802,-0.1142337567783957,2.2657344477585224,0,1.2645385498835138,1.4071568392559646,0.8073820219189477,3.175644603817662,0,0.8035884508677205
416,32.91008223450797,0,2.5870088285630093,-0.21471306012397265,-1.2940803989992369,-0.05142114493716185,0.45082239584876727,0.19781193447668616,0.2389808770489536,0.7272095718997876,2.845488946968999,1,-0.20406863186185484,1.2113011328253867,-1.8881856873375682,1.9698150900932743,0,1.67511180621716
417,57.285354008351334,0,-0.6363710243991318,0.3928276006074621,-0.07891559523088236,0.20198739279826422,-0.023036582141423394,1.1427343475138176,1.3303491957695774,-0.958864440926555,1.2720510338298272,0,0.08008322207036395,-0.6300169325634553,0.2925022496027545,0.4555041567910642,0,0.3716245897831509
418,49.01240194133287,1,0.5196771080607744,-1.1316541913132412,-1.399616628141922,0.17397815115469573,-1.5127217852895143,0.6521486875240878,1.3057593273832517,-0.7991287838647676,2.8020439765835845,1,0.87667601590642,0.6993952333404332,2.5110857024276947,0.7324741547824952,1,2.833689248697481
419,44.70011135785486,1,-1.576623902906904,-0.16824970634376762,0.6550819248370613,0.6380738468388124,-0.34705097285206626,0.8496051688999477,0.4490134280989483,0.3715586969765553,-0.5547886611231143,0,-0.43174874303327104,-0.9152136487063971,1.593931654735531,0.3458823458075141,1,0.01278350882043644
420,25.56924214120685,0,0.39832800502420895,0.30287691487344376,-0.5098842031055082,-0.5867249005621561,0.7864763679518224,-1.1337798912909725,-0.8326100401203756,-0.45653916424722146,0.13451701979557773,0,-0.9609804602712828,0.08652489599916979,-2.2412759851632797,-1.0550093413921249,0,-0.7122663570445326
421,36.19648676345701,1,-0.11141030941231621,0.35918522945034015,1.5462260072383187,0.3485690263185423,0.9042051701031326,0.6503183788113647,-0.5051146451247018,-0.1395543859653505,1.3282432883661281,0,-0.05620544712848258,1.0687028264896945,0.026478541842063996,-1.7222697231583273,0,1.6531092490737531
422,66.9805899224725,1,0.06079326681873964,0.8230091885119816,0.42670669701519126,-0.9257048611336206,-1.6650754259935994,-0.1602618357286018,0.2776758373932235,-0.6925081339171172,0.46950504093801904,0,-1.3223417921680476,-1.4564228181114807,0.4634610640129179,-0.7279627717932682,1,0.8631081234973565
423,43.114514675364454,0,0.370481394978644,1.0969006071545395,-0.13047151806063548,0.1451944983411004,-1.0600116208699544,-0.9416906866483438,-0.12485164093082662,-0.5016282519259717,0.10098448773351865,0,1.077473864827585,-2.384723227216604,0.5353616539344707,-0.7021430178927038,0,1.0866181673532977
424,39.15231228746918,0,0.28000391499230254,-0.33056975445797127,0.4218486839114646,0.6610592664023984,-0.2560185327896536,1.0386446318151736,-0.8374410759741668,0.04796939753128055,2.1966974962370083,1,1.0341120505418613,0.023670859075707235,2.0215208702432244,-0.5007863636789169,1,2.0285056245148687
425,45.435740438564075,1,-1.0726272421496699,0.08756791890323759,-0.9332315796356578,0.8804208893027823,-0.3702811246680399,-1.4324791029747934,0.861361518932,1.3953059446404967,1.0675567014447904,1,3.1589323511076377,-0.7438440883733868,-1.641679962634286,0.4667553823184949,1,1.9578168365097768
426,42.548527781414066,1,-0.3833451365939972,-1.419321389389172,1.44600134100554,-0.367921473915577,0.6295783143100946,-1.62050274890365,-0.45700723058324133,0.1306210790547118,0.6614036042812943,1,2.885461731533658,1.1297062924628007,-3.5211190501423317,1.8989150004538184,1,2.214844885671251
427,51.24358632618915,0,0.0060607139816623344,-0.052504221997478104,1.0504320880946942,1.2076501795632213,-1.5620299603823478,-0.2795268633210962,-1.0342182044156911,-0.578814755473309,0.9114866812001746,0,2.699254719216337,-1.9630613837625024,-0.7344280242426526,2.1897441789155105,1,2.2718912632113195
428,65.16973678246612,1,-1.42917561103508,-1.4510728280006948,0.24656742478632931,-0.2146105291584267,-0.7098096465079488,2.7179687896432014,0.5039619040278003,0.5511599337993963,0.2824641063454828,0,-0.07597726341839381,0.9418030080955179,2.23571065786812,-1.3137148014447386,0,0.5025935007050665
429,44.13384049147786,1,0.8025694505032944,0.010873766305515172,1.9332332120105817,-1.1963673165576025,0.8282594020606524,0.17165266173025281,-0.6238687920165069,-0.7603898755001086,0.6305834563408705,0,-2.262069385281987,1.5200282671684002,1.4402575896989749,-1.2987469173244615,0,-2.140653909365152
430,51.54290050551871,0,1.8828823097500855,0.8234224968637073,-1.465328836015674,0.11886588274203062,0.9194273483760964,0.9634281921147781,-0.9546584237479112,-0.3029584333288669,0.8444401090925107,1,-0.4735688420478794,1.600160046649148,0.4849294256771357,1.047532042566011,1,0.8220316989125387
431,38.52762858759765,1,0.30354353457744826,0.41322264436747413,0.8094854939066328,0.7330349602656973,-1.4532952626767714,0.13126986936722512,0.09561555640069108,2.3056803979259577,0.5973475351387708,1,1.222149429865754,-1.6281346605087175,-0.7623517176897637,1.4745821031788229,0,2.9178298213211002
432,65.20166442206532,1,-0.5277131651201175,0.09121578524181384,1.2041352438850543,-0.6986099135277793,0.6081583014327474,-0.8343285137270007,2.8130809635768657,-0.9000247868153723,2.94461533987553,0,-1.2778329950444833,-0.778480659444666,0.4979908349852411,-0.23408441396116758,0,-1.1161287499711843
433,51.8904344241411,0,-2.301924461118349,0.807012583797134,0.49667022977302494,-1.3639237828530126,-1.4170208736773713,0.8355305022255838,-0.5035597193428354,0.3788108173039671,0.541193787012374,0,-0.460208710959609,-0.6543597452070591,-0.046414176298403276,-1.8266898804816754,1,0.8097529370321624
434,39.1818087670938,0,-1.520908256311917,1.0711998720624445,-0.1555769604580132,0.0011682453923247823,0.6055462114365985,-1.1624237411515328,-0.02292978239356853,-0.3231935710196543,-0.3867214218661681,0,0.16429194144271017,-0.38706666974539705,0.0780114191116017,1.2896318833694542,1,1.7033927091289938
435,59.04306220134642,0,0.3392288640154119,-0.8286138840650823,-2.0599019088806134,-0.10320668190900313,0.6942156731004598,0.5164637440915103,-0.3816987042661728,-0.5673372213044706,1.3939888092318429,1,0.25806854224752074,0.006477308422120576,1.2013751493195737,-0.7918281981745509,0,-0.5781227988593858
436,61.999876485826135,1,1.2624365367975052,1.186114471039557,1.0852010608191114,-0.7870369773258549,0.1695664634386678,-2.131985850580204,0.03321046622412193,-0.3148474487600474,2.7609897089028603,1,0.18561650428649568,0.5115386636466832,-3.133248285354342,0.5540455090210714,1,0.9623068056093644
437,51.614563634076355,0,-0.2200843690272319,-0.7564221415827346,-0.42664447660925076,1.333620701577554,-0.9759365495512428,-1.1299644435122564,-1.4131464130150033,-2.0085783745710497,1.3823928665828615,0,-0.42187571800827506,-0.14168837110226318,-0.7498782971530203,-1.951420539898356,0,-0.290148662098423
438,33.60603032459224,1,-1.4872412677395503,-0.44552572111887595,-0.07137095229917986,0.8173708534824407,-1.9860602505865037,1.6395318208192353,-0.2723314535240514,-1.0966703520700662,0.32001897186336825,0,-0.14699739366455755,-3.213220771516622,0.42094582708943196,-1.1147452674606437,0,0.031532702201977805
439,67.85168813516475,0,-0.871025244123121,0.7257505883674397,0.9864059854618903,1.0068898442381276,1.4335565660580518,1.6334544889905884,1.0324642012056542,0.6935610336564387,-1.0110147208690656,1,1.7106366574627896,0.24825510651539684,0.258132809971789,0.3653264335201274,1,3.359693476341928
440,53.10122520626526,1,-0.5722287475770127,0.17759445945822372,0.9890603368097399,-1.2881757963968403,-1.4689067291756728,-0.9265217997405771,-1.3209374992469725,-0.2599015574896899,2.462673591409916,0,-1.6745169192273999,-0.19597984647952993,-0.13027445663738624,0.19051082662315993,0,-0.3172645237359265
441,61.70454297361454,1,-1.9325473636492654,-0.023155516967006306,-1.155704929020448,-0.28336105428453623,-0.6696229835985441,0.7344923408567381,1.4942975617296201,-1.3148279227228745,1.0863599832234092,0,-1.0394409114750984,-1.4637104542961892,0.831764053744116,1.8387016341908184,1,-0.06838000323002646
442,44.49106794882858,1,-0.3105662354800219,0.17273087935997514,-0.9875241179750905,-0.48320407305568014,-0.26890822402105813,0.9689390154566417,-1.7090943984813043,-1.8307441056662155,1.2577561371307993,0,-2.041215939064805,-0.679793795447688,0.7606140230372019,0.4344987513538062,0,-0.6517776054450025
443,46.01376075266099,1,0.892386758354133,1.313343363116114,-0.7077561425985495,-0.375577195087261,0.03243929512770847,0.5608926097187118,0.8972923480515681,-0.5048333876479462,3.0377096004235566,1,0.25838175018231796,1.331649331319005,0.9005859391017021,1.4659354210208941,0,0.7983874402813773
444,51.10453109290565,1,-1.6817819157169585,0.06801694537354379,0.6889901614530497,1.02197703101744,0.532059526582084,-0.06340637477925774,0.9753252397499313,-0.2990273485382861,-0.5308755636222243,0,1.4886471169790678,1.6771549240928079,0.10134089042226445,-0.6410173803643793,1,1.4004260446336985
445,61.1340167803588,1,-0.5596400528006676,0.7454720980570375,1.0795108333049965,-0.5675051895927907,0.42860300830191644,-1.9406901252959041,1.0881037619506946,-0.10109422547933332,0.6565913853331191,1,-0.9381422066579848,-1.5227669445356875,-1.5326863418949819,-2.0928891337444893,1,2.3268179531270605
446,51.429900281671614,0,-2.024304275464286,0.7200706960442296,0.5023965354119908,-0.6416917690803176,0.21245932979759952,1.655023987828919,0.11849538593912917,1.265298495746747,1.9086419234883798,0,-1.5205427705586774,-0.6849769749212685,1.606880046674044,1.1932721535602289,0,0.7943819449469286
447,37.431661874663185,1,-0.8191493432863268,2.0876987644579965,-0.4405872142358492,1.032045797882131,-0.2053697134792139,-0.6770224716787435,0.322153046542385,-0.6855719060949353,0.24349086103118073,0,2.43119000242201,0.02435856036402667,0.4802877135912663,3.8912629261443765,1,2.2697399925617994
448,52.61989196783341,0,-0.1480440290312527,1.383315803099284,-0.14372389323964882,1.7986250689297272,-0.9090826044729279,0.9493917525411051,0.7370220981939131,-0.07969280132135836,0.8537925060455325,0,-0.5891705182205831,-0.23085516556607577,1.671339754054769,-1.8677939247148618,1,2.1663617126015424
449,66.29534194510767,1,1.021206212509489,0.7044850091340877,1.386266436537204,1.3037133933030263,0.9927688074685316,1.0774421220419799,-1.3660459054721226,0.14080250642658182,1.6953682094278273,1,1.1428724710705953,2.8686004527596123,0.9194249795518459,2.054225794386559,0,1.2949681450908423
450,50.65806282462831,1,0.4557086335819363,0.7195409507183848,-1.123781344264862,-0.9021566099515859,0.38445632274563757,-0.34015011084891306,0.566869992534053,-1.8760934447118744,0.7909948714204231,1,-2.1754182747160815,1.2275071527457213,-0.27020778404211904,-1.5437371805940918,0,-0.9210515265457253
451,51.293855237764824,0,-1.183447701412052,0.16893415390276795,0.7798217865586777,-2.037076475867834,0.7114156679284848,0.30313644000230705,-0.820173376213956,0.7596242013119662,1.1445076389156075,0,-3.4009281325806575,0.5635715055776234,0.40429653177193003,-0.449547598626476,1,0.09078381372319677
452,37.37456257216181,1,0.09398130952015568,-0.16224376219272132,-0.10707143521518031,-0.7727191436345365,-0.21932023138422804,0.17015043371220517,0.007063004891356386,-0.5388475272404376,2.379929388822143,1,-1.1674819598500914,-1.0550298363330668,0.8929232627161997,1.8154550215153011,1,2.8078234905053145
453,35.9701091227716,0,-0.3339334113361991,-0.012469143706682962,0.48964633146321396,-0.1294612385165615,0.7268309464379861,-0.9042028428578651,1.4024557370404762,0.2627029389572071,0.4509141272452529,1,1.2143292847790095,4.060756001609503,-1.6002307637332738,-0.37387041975361623,0,3.163685440394354
454,43.623078611867584,1,-0.01287012804787971,0.024400105741811045,0.025048705709673113,0.3223187788508232,-2.443507547372181,-0.04516136012305049,0.5711871756725998,-0.3021044958569326,1.6339454018739872,0,-0.7752143142538204,-1.8322504506828872,-0.42983446499835815,0.2561501903664952,1,-0.13037275471308873
455,46.734823533812765,1,-0.19949482764965581,-0.449223816103371,1.0315142071519954,-0.5052429629669591,1.0781288062025038,0.39252343469939877,-0.8306496058839845,0.9651062167181025,1.586665031026183,0,-0.9673381843515313,2.0696966032856183,-0.2905425142976137,0.048083437551019945,1,0.5731600641295569
456,51.0406073501028,0,0.3133720677491042,-0.4136332436322708,0.5306986623196168,1.1459457317086201,-0.19982900547744406,1.450199650468431,1.5833799899764969,0.11735088084038353,1.7429921451572952,1,1.0647032496354365,1.598933298338131,1.2806029605823315,0.546702643166361,1,2.9625171128974754
457,51.659569744741766,1,0.1811126366207718,-0.06349576283307354,0.0704543980031066,0.5763181975279178,-0.4574322259868616,1.529390679125557,-1.2766797990707335,0.6940736735059163,2.457370134832628,1,0.04865848749359747,-0.1768011735245953,1.1206295546592013,0.3527193402753221,1,2.7481247605979906
458,66.01907651016928,1,0.8664334817905881,-0.32426002501166284,2.264794296344822,0.012229687829607965,-0.5337330765554047,-1.1377191544950613,-0.8433598005158897,0.4439985206098489,3.3960537536209556,1,-0.33877253846404154,-0.8644363352411613,-1.9785254597395083,0.7830381493874892,1,2.851988109885277
459,50.5868743844991,0,0.11659188666982555,-0.19361578070187405,1.250852047704302,-1.4135705352570964,-0.6385456765729569,1.0349261315889535,0.9764737813149614,-0.350085670345921,2.8821622709530983,1,-0.6037108522753637,-1.3961181161748808,2.3424941343374743,1.377244296603068,0,0.7198715299382923
460,60.644226884109074,0,1.6899307106005974,-0.16672710884099282,0.2715763096427194,1.1590853910864267,0.01669031387791899,-2.0667968734270072,-0.7257203408498615,-1.015735009509846,3.526524376011959,1,1.060412048648756,0.3088763720276233,-1.3286497667868447,1.6584593837213886,1,2.7452342816168214
461,49.606706653550845,0,0.5192261838833757,0.9058529941968444,0.7754927464429628,-0.04407202416885961,0.22070497521000676,-0.2637358688263067,0.7105519268323466,-1.4331391951757446,3.552223548841864,1,0.031733140450055,2.355041017428186,-0.03980210130786875,1.0805396979723783,0,1.709762148385927
462,64.48903611625761,1,1.47831033460733,0.7923431693229718,0.11714786294246662,-1.774985815502913,1.607196003424853,-1.1908325782161024,0.669001709180303,-2.689843980405819,1.2308880331102325,0,0.101014672412576,1.457755023248618,-2.074757223691611,1.5105334002099395,0,-0.9484155657619703
463,31.29602521252799,0,0.7202500230967406,1.024638297410866,-0.6912452244029104,1.2274330414020254,0.035572384963073474,0.9444658512292873,0.12119617858672475,0.396397883244841,1.063435477818824,0,3.130113281366291,-0.7975218911869969,1.2617499395654113,4.4740528479611,0,-0.09306413645796761
464,44.01268233321571,0,-0.6727857361619115,1.2450648059512353,-1.7231656421749533,1.8951265185957267,-1.163328727099196,0.483842752979919,0.6565118763428498,-0.9280682091549983,0.3097194850465399,0,0.9203370165464722,-1.8274953240018597,1.9765243447478862,-0.4486413208387464,0,-1.7524158970942314
465,59.830333962592405,0,1.2429178970824466,-0.7204692460745271,2.0646626434668462,-0.22402993850047176,2.2610877907558034,-1.6062445485643881,-0.48608013488065555,1.2651230667937359,1.5881576989506128,1,0.7927562529020746,3.9453636069345315,-0.4157774144967976,0.692554605963423,1,1.736109103866039
466,48.284039947432845,0,1.1841771283478413,0.028871254171212172,-0.4393005609164685,-1.0202122485523162,-0.04227995059361727,-0.8019894404865998,-0.6959477861024246,0.12433159112063845,2.4518142609298303,1,-1.3450036012141433,0.9818833452627865,-0.8959537177910228,-0.4415602454176867,0,1.9311315282163448
467,59.315296133879656,0,-2.8720586092656153,0.3013382968790941,0.5890913674677499,1.1135325098185376,-0.15811493722203307,0.16376855610874588,-0.1309271601332008,1.2399656911731864,0.3858171874978388,1,3.4004667523476506,-0.6611306749709078,0.45859618145305764,1.3737091021698369,1,2.74035736155942
468,53.85066102777271,1,-0.5484453451715633,0.44223567985455897,1.2647960650206245,1.4312263681437598,-0.5363728680501492,-0.09537774514539465,-0.015672769611756378,0.8257938088859692,3.9728415874144267,1,3.2001405670135425,-1.9816484334842006,0.8222101297247607,3.546800513551502,0,2.036748835757232
469,59.45876983713034,0,1.442759106990805,0.5127227047125088,-0.43905345202071167,0.7086637949037904,-1.3999721731674766,-0.3386186375664827,-0.9228185923605788,0.05548902301272728,1.4204584317376778,0,-0.9822050621967231,-1.9823633003482422,0.21694156867191083,-2.8281360949823897,0,-0.3112423858170224
470,56.13067728028843,0,1.0543880391754223,1.4202251400828514,-0.27780717038883607,-2.0683365751577134,1.2226738235105505,-0.2817224770549505,-1.9410037156125817,-0.46826948405352475,0.14956046062159922,0,-0.9699334159043651,0.14550653893218857,-0.5066433384432464,-0.45195205569760305,0,-1.2079603567115158
471,56.7364893381375,1,-1.4604175091188767,-0.548931176091851,0.5191532795683534,-0.6412214302804069,-1.1930109778856777,-1.5714578812886735,1.1598972284189473,0.4858826722832953,2.3714560416900694,0,-1.03702236978773,-0.9172405519408636,-1.675502021363509,-0.07927498666711963,1,0.6983205814221082
472,64.9245538715155,0,0.8587618152385667,0.23078252683161082,0.5281293715720198,-0.9052937848634223,1.008155354028733,1.4373501305278298,0.9196405822517866,-0.2586829076267145,3.217363406533313,0,0.7668189141632226,3.131729211959763,2.180075996584349,0.4654732559752742,1,1.8756624049243684
473,59.8647401870094,0,1.7272349012495698,-1.2169150996884546,0.03321863503721873,0.5653693423636523,-0.2858580645682579,1.103647604237574,0.10705729404569526,-1.3850844815316792,2.2471786600452326,0,1.3677382268669733,0.6195848591819859,0.05030677350912449,1.9085770760412477,1,0.34211664658866175
474,59.938067071364095,1,0.6066984230387682,0.41701814094054357,-1.055792995820486,1.4721257178831877,0.580820177570301,0.7788233311597091,-0.8083118513819694,-0.7350823043068163,1.5698368222053034,1,3.4645983384029106,-0.8012703817055831,0.6584645392645102,1.0461624381479142,1,2.295093646592066
475,50.20418758785576,1,-1.4758561756145618,-1.5923761946155315,1.2890916785482698,0.011320789503874058,-0.3050604741861708,-0.0038668324795323953,2.7019964195056096,-0.09111574788898326,-0.011924527553678566,1,-0.10685205763149186,-0.696909076228101,0.8411927236528691,-0.5964270652453816,1,2.3555654649014803
476,44.18149790183128,1,-0.7838153341442157,0.3604978613191832,0.7627356697395726,-0.15478894537776144,0.3230207497627417,0.33201107304355365,1.077722731465537,0.32248970230165147,1.7159138535020493,1,0.036403678376310915,0.7555334184088693,-1.7175805283694254,-0.6225536629595915,0,0.16643692413629063
477,43.40439911727704,0,0.40050437497472957,1.2408388529702599,0.18191598479184903,-1.4791459765281263,-0.00967558623416893,1.3987214830908856,-1.478217370584511,-1.2299389519860104,3.8607564601291156,0,-0.8140133392725126,1.2133550750915543,1.942743966117897,-0.1433128131728887,0,-0.8806252667351565
478,57.5094459718968,0,-0.21553496319514956,0.6218661009204091,0.8047846591610929,-1.3306957939429962,0.03380565873219462,-0.5533343905271486,0.5939038421486519,-0.7384213306432766,1.5852726335193452,0,-2.6017398225260497,1.0671079350562243,-0.8358911148090415,-0.31855275397074934,0,1.2597823398345223
479,25.615394359549764,0,1.2776626762061136,-1.0637986892919662,-3.2438780417145208,0.004358516753836927,1.2532848804296175,-0.1441326492782931,-0.2823882596496941,1.0140846496508946,0.013929441123369468,1,0.6136271326938034,3.8255991564358887,-0.06296018212834842,0.9928880625122078,1,2.895447735959519
480,36.92821811695714,1,0.7312487356497058,-0.7748534494495534,0.06345245067724163,1.432518846046168,0.014433384830163454,-1.98830885069415,1.6898086647736414,-0.9439811061115264,0.7646012380254055,0,2.003934160475174,-0.9462794610546464,-2.738331777723116,3.0963456466885986,1,-0.5449165484276304
481,40.3674631412121,0,1.9631776765405726,0.6170264040582419,-0.42284072499079706,-0.49261371719812186,-1.0932652239214673,0.15397440598096448,0.5642876672546087,-1.0005358877486743,0.9057604569357238,1,-0.9865207214819167,-0.06266973267126008,-0.44260946572134025,0.21911237993736482,0,0.3553700658811233
482,47.52378621306383,0,1.020616912064627,-0.11237303744424566,-1.9602121989501975,-0.581063848439245,-1.595624699503164,0.03908124832672444,-1.1277603664792668,1.3568767339610281,1.5620191834229942,0,-3.2832545257909556,-2.547355818088131,-0.6198269219912845,-3.2529211705268657,0,-0.45123050805082904
483,23.685619631916662,0,0.5525373473003229,-2.1783100877038826,0.544841562672303,-1.0915367794178128,-0.5692048854806578,-0.4876498666064531,-1.2103182492558144,0.3012106735331497,-0.25372577035395927,0,-0.8853417549922065,0.5420056938881282,-0.5459708643750588,-2.4174178800393027,0,0.49771391313609437
484,62.58721302589333,1,-0.3143343188329431,1.4169476087056636,-0.9840126591423966,-1.2731705937063502,0.644122684241675,0.5601181581149076,-1.33616979229833,-1.0997800530417594,1.948274214986509,1,0.011673314912931776,-0.5539373821598583,-0.9887565337982718,-0.5201692088493758,0,0.4741315366342038
485,56.001752363295935,0,1.4044617629579554,0.18561805758433164,1.4161978768709411,0.9550860312380267,0.603648585190496,0.3301017576324054,0.17582842768691803,0.5902047508756096,3.567959267560844,1,1.4840285389094356,0.7110216557930074,-0.8054667310071898,2.0590460449322356,1,2.7396992689238084
486,69.84582398458566,0,0.005498343638950076,-1.4295455673925854,-0.14176879838124332,-0.2530308046031108,0.7967854069962707,1.3359044919805718,-1.6567718994755842,-0.2898953644926946,1.665421671279229,1,-0.04492006862140094,0.5085710802910584,1.1189666139619092,1.7069965611565971,1,2.5685169013221656
487,60.622144689227824,0,-1.0259000683061799,0.23440471766465049,0.6665774635399759,0.821210581700737,0.4120415198010346,-1.0424756346052597,-2.7235753369265643,-0.060527085996016645,0.5824023449473822,0,0.9100882726665569,1.0230084802027541,0.03433863249972813,1.9742927710773266,1,-0.6302658464609365
488,60.30379331152028,1,0.04817082349761754,2.2144971012922268,-0.5786376267941368,-1.8411858108217025,0.3872889734494247,-0.560665755600289,-0.48453432851847456,-0.5707970451064661,2.4460429632379515,1,-0.9990582801268527,-0.6473985071048256,-0.9465465104137457,0.12445604388976278,1,1.7876034591285144
489,72.50676031030868,0,-0.09185557833082025,-0.14654820913533873,0.8224303629397134,-0.358702745016351,-0.7504708017770201,0.8037111372603122,-1.2167238540416807,-0.3735559334529317,1.209286446336224,0,-1.0918468028683987,-1.2412225349473187,0.6765555958039609,-0.21027227240318264,0,-0.5268112104467609
490,44.2904191314257,0,-0.9935401897080857,-0.16155871249801187,1.417210238528878,1.504128674406048,0.5703369838520296,-0.14877340308675646,-0.36963579225718135,1.0878557335274246,-0.295173433245957,0,0.6516307312195587,0.5694297890958386,-0.3939991297458767,1.8270854501864708,1,-0.21829313762669278
491,34.96541600750606,1,0.8278384794786713,-0.6416965471900282,-1.5740515535329402,-1.1620049612248806,1.4983223690930605,-0.03769133237912231,-2.1508119850576892,1.1687813765956745,1.0279185296276305,1,-0.895800955156207,1.1269589964766928,-1.6340830911947504,-0.6451338929231237,1,2.548899592238906
492,47.6764260350726,1,-0.140428230753746,0.6470183636849386,0.6180252017741492,-1.0248682084708556,-0.12567090397035618,2.2997878677016206,-0.11799568878509033,2.5641256872161327,1.46834983190748,1,0.6806628360046649,0.8360542224173506,2.956098357295649,1.7448895740741828,1,2.9891592769833126
493,41.750079461528394,1,0.3955886228087357,0.25135727816346776,-1.647693259864503,-0.12681265214143905,0.658726930445715,-1.2436948753456574,0.011888955772325212,-1.1008857517999615,1.8739168595405826,1,-0.5475299413965775,0.3395653003420491,-0.8547190824055941,1.335146368852815,0,0.43994463635334036
494,47.431546389755525,0,-0.7809086062331254,0.8118429078915278,-0.11459238711808484,-0.0086645304997955,-0.5736498101108687,-0.09020993076679648,-1.1487054686827587,1.1131312632507169,1.7817728449026733,1,-0.6059930318878093,-1.4091430249865788,-0.5468768851309345,-0.21604136380407207,1,2.281686559267529
495,39.4978100974191,0,-0.16467119519059042,-0.7257519226406838,0.2595712329097514,0.2881984540275208,1.0500736344640302,-0.7619051241599908,-1.916374191160121,0.13510839555777665,1.7339358007990702,0,2.0465706032566664,1.818436764699873,-0.9971155858469006,1.1259539192526764,1,0.7552303597051446
496,55.67880067453997,1,0.774326162387659,0.7289075698198314,-1.0921703583727176,-0.11890493257014213,0.6668346968178799,0.9789494873634652,-0.07959654389041662,0.4322759637813346,3.560955862171845,0,0.35268631956285923,-0.3790255850737815,1.118733152284502,2.6437200274323116,1,-0.0976984088836369
497,55.12982849598724,1,-0.2468283019794483,-1.1780055668351772,-0.33095209094322336,0.05770636234051932,0.13121225018649732,-0.59346735896703,1.148555964120956,-0.5417534602786828,2.8344563025999316,1,-1.325176402054347,-0.5106943557700877,-0.11596437191910502,-0.126494247877038,0,1.5154988915526635
498,49.730774094317276,1,-0.36534156990267297,0.49646940071864604,1.4968183852604173,0.007953616771307693,-0.942472795823988,0.3439651263171348,-2.485625433493825,0.726135540703701,2.098871162384078,0,1.0936593434066875,-0.14717229680735366,-0.3189681167857689,0.812240872410691,1,1.1035552563624358
499,53.1158150338288,0,2.1843137024425365,-0.7918801386189818,0.8953340899307808,-0.9184026605029072,0.3524832956318003,0.7408716445501452,-0.002016982421801338,-0.8318860209019967,4.14811138115931,1,-0.5424428802718282,-1.1306923308639834,0.2332775193563904,0.460358522300786,1,3.145170989663069
500,48.57949272870817,1,0.3161949255681937,0.038394743667330186,1.034392917277701,-0.44524143645310815,1.6568603404355606,0.7402940571887672,-2.612980023547284,1.3124710616291793,-1.0663697523976456,0,0.4165342272618046,1.9212593203161967,-0.21866104818235255,-0.1168210784484166,0,-0.8767248322124509
501,57.52033668267281,0,0.733306527885516,-1.5586533457680827,1.6303646903988722,-1.341504814151054,0.12788248995860574,0.24789935353285408,0.6136873398065229,-1.1278682183468727,1.9257139305003894,0,-2.6173813784712214,0.7890254174832643,-0.9298204482045948,-1.215251569836219,0,0.4346601509247433
502,50.69640749485356,1,0.7462379320539455,0.09793527801719785,-0.315632422454114,0.18707650472173723,2.2934131376396545,-0.03855179522189155,-0.6330120746414163,-0.41936138192550804,1.910481246284098,0,-0.28797132276815074,1.161249936367783,-0.3447725747526508,1.9988679209487374,0,0.6426118731176949
503,47.34554375104227,1,0.09696363666589082,-0.019777213953693255,1.0017368781525555,-0.8860692281333522,-1.2735882952892372,-0.7850241202946554,-0.040743695229868385,-0.06472978313692705,1.240015175451715,1,1.0459302969792736,0.7574726932613811,-1.0654280682272508,1.131644845451999,1,3.1620160355953377
504,59.29584469942711,0,0.5276246273505988,-1.528463153697945,-0.6025540872865884,0.5390311813268673,-0.7437640775766392,-0.018391030981022852,-1.3755538597134223,-1.243617081262545,1.914068352986001,1,1.0130506144318696,-0.24976884859824897,0.6384302043707628,1.593812298682995,1,4.018358193531781
505,62.608212692267614,1,-0.9730118015152337,1.731205703551006,1.2482320541391096,0.5235050594395207,-0.6919866411352207,0.1766979571521059,1.1734081476819653,0.8178033899149485,1.5006835123668167,0,-0.09982120156490615,-0.6475689123077442,-0.5965528444628548,-1.3067005237713234,0,-0.5945773308997501
506,63.37453825641212,1,1.4482085518948633,0.6223483332258916,-1.1283534281500969,-2.1046084036794013,0.0167830269569851,0.5133517447056294,0.8463967612263569,1.5013894928605465,3.5063386124558287,1,-0.36092995918956605,-1.7470905404728607,0.2022359000017081,1.1800703650158226,1,2.4085096527594483
507,40.097253106805184,0,1.2469497611775788,-1.0896670300689226,-0.8302304421891434,0.8346429480881198,0.93267978472213,-0.14691324646130197,1.5135060852278137,0.4558675712753197,2.65762557877497,1,1.3800793720400972,0.2955379867208473,0.6409919645014239,-0.26654777134237895,0,0.4221529801085505
508,44.65552791958302,1,0.1902145688716806,-1.0075126873698899,1.7480753730076135,0.6797229520187236,-0.5275659163436108,1.814622645005906,-1.0720815963149182,-0.8267467850507036,2.384778235142509,0,-1.7730552813131657,0.33953970712377757,3.00903528565832,0.6686379519832414,1,2.0445538695239116
509,32.98503905252308,0,0.006355875683718263,-0.24900151924128155,0.6089156904115343,0.10769954730121754,0.02111598515065302,-0.16021687079325414,0.7813436131032843,-1.440125679844143,2.51202726499118,1,0.7015852249823462,0.4592709018748359,-0.41387869968959035,0.9174089833263432,1,1.6390318002933042
510,47.61434981796394,0,-1.2396230704465656,-0.5676006118841719,0.32922480217294153,-2.193048141966816,0.5766660521753377,1.1702977683500069,4.068096914834083,2.4035582342557835,1.93506447459683,1,-2.3413324675432197,0.8501796025616731,2.631855160132642,-1.6181976238622227,0,0.892249313337282
511,54.161238144776256,0,1.0293109716896143,-0.09290364533650644,-0.18030477957943608,-1.8751548323857463,0.1434461111023342,2.5542305959730847,-1.4769144226537494,2.9943768114747105,1.4063016112288294,0,-0.7620533108736471,-2.0759160181277014,2.177038372634606,1.2595607190191198,1,-0.3907840421415292
512,48.671988254880254,0,-0.2550368025363731,-2.1678078431995247,-0.3809681075019584,0.794940943370307,0.0774403498065035,1.80666395041024,-0.12842550229434616,0.9928008965426035,0.7274692459367063,1,2.135249475134465,0.391804091203761,2.465961101858673,1.501108679817848,1,2.6706430017656366
513,69.30850867048302,0,0.6097669082927474,1.6923503001944868,-0.07465455945163525,-0.5141042752784043,-0.06366124415795194,0.7347256077335219,-0.5904746485662473,1.0390782142839379,1.5595856853921293,1,0.9530995958700181,0.7951174198750446,1.516022886394095,0.6713860438959869,1,1.757732661133072
514,45.94156624888643,1,-1.4406739940324536,-0.717418962702375,-0.08849814121080388,0.29140315332919425,1.4371998056961408,-0.2829973617640995,-1.1555809236298653,0.7866951068627824,0.32969839676206353,0,1.3853642337898533,0.00359961999102687,-1.487811227886662,1.3532089899754736,0,0.6755473843482711
515,39.11491444511071,0,0.6314546163624389,1.2120870029510504,0.6822064694931605,-2.827964684614357,-0.7839528191894567,1.3274343227260401,0.6176278245501673,-0.7129962221425186,2.638997304755014,1,-1.9111409631454865,-1.3819734857100987,2.7981621291453704,-0.8238436336944917,0,2.1261929709951417
516,55.685042066678754,1,-0.1752510546351389,-0.16802293682101352,1.7013407816988324,0.4780106347832081,1.5535431097300478,-1.053404349751613,0.42087913444899955,0.3047561449116983,1.0252310837402479,1,1.4059848503573322,1.9548552901082832,-1.645360951353839,-0.7442988937879695,1,5.586933075918591
517,51.499338284981604,0,0.011907871884688417,2.4478128871405582,-0.8399611354874934,-0.7365363982138777,-0.5817453875328681,-0.830249575510957,-1.7489979776469575,-0.321277426901914,2.0821404513817656,0,-1.5613811709547214,1.0343588542347022,-1.022661420695704,-1.2544757172882641,0,-0.5892353146188448
518,55.496425958003854,1,-1.4178117660192724,0.8589456866015477,0.17939463251273363,-0.7671627501436251,0.6715782413007713,0.3948393658358077,-0.3143952309470041,0.12589452966243242,-0.09848556548215126,0,-0.3589848457689795,-0.8063071597407688,-0.6465126289694149,-0.2804516737986843,0,-0.3356416962650147
519,53.0378793078619,1,0.6790642968533058,1.0624078153219716,0.8114007356552774,0.9752675687034985,0.5718212026833991,0.3058625493398016,-1.7986729808592885,2.160415958020263,1.697123288870542,1,0.5863611667319896,0.4414726486427364,1.3481409262232433,1.0908363552630342,0,1.07820477661061
520,52.437657605308736,0,-0.6125253521171887,1.1957465878984759,-0.27624844629483314,-0.3627723904996948,0.0025210517857122256,0.21548050758671483,-2.3926691637042055,-0.4962912373446818,1.21756034806721,1,2.3234566691301763,0.4548125275226486,0.2720600771937001,0.39901783768739163,1,3.0569793278818898
521,28.77701116957408,0,-0.04701125448669934,0.08349625615780698,0.8227272679281181,0.3543601013830844,0.057766202749274326,0.9696388426946545,0.6091399899837898,-0.6453321611519752,2.6873762155214247,1,0.15592034876117666,-0.7230668987398063,0.7569519430009566,0.38939057426546675,1,4.434298734269644
522,42.73885972482654,1,0.8041810014107622,0.1507141107756324,-1.3770957423000543,-0.8551323317363702,0.4612883512940357,-0.4515236764623434,0.8392372887586731,-1.2678126948012494,-0.4415488985955611,1,-1.9285070490364589,1.5098385443580713,0.6896567802885804,-1.5065418832172917,0,0.15420350277898742
523,44.09675082047136,1,-0.08566885395223853,-0.12544975477563505,2.3011116012511175,1.945883918184774,-0.1971879504239576,1.4233309599086685,-0.6609890432809317,0.18771680822474632,1.894151895018494,1,0.2367422626893405,-0.7934005554341933,-0.2643644390488056,0.18213433343548524,0,1.6510484540720316
524,46.52035662065074,0,1.9862429622331355,0.361545638077741,0.33905924605095034,-0.811357130120892,-0.6204642333591901,0.695077405263461,-1.0007820925388344,-0.6455769930804809,3.7056035627759925,0,-1.9413132412492249,-0.7327301575601145,1.639189787547216,-0.8697331391242932,0,0.09737026370228247
525,45.516083615390585,1,-0.8988030652307947,0.07577200632435743,-0.04431667146832991,0.7894588512896824,1.1340661749656842,-0.5068516690750575,0.07262924284770143,-1.6817547916615128,0.006694028759944404,0,-0.1815415334928716,1.2547896047954774,-0.032094110287813504,-0.3005238096194443,0,-0.5261791919644937
526,54.128187616876914,1,0.24048574815363108,0.36210246506851246,-0.713250820935838,-0.5283557567984315,-0.3008817653809744,1.2256834786361677,0.6028526687870919,-0.45298733152790854,0.9490220856698651,1,-0.6962937251169964,0.5019039698736689,1.3686677621694925,1.8986506632881601,1,4.098633198872604
527,56.0088250869202,1,0.41332316347934167,-0.793665285867645,-0.2651070503807724,0.14822287401349657,0.06159919901084497,1.0629458286295934,2.5675018979593784,-0.05732972968566882,0.7117878890714244,1,-0.06952277477448038,0.5497822727055085,1.1951750765014384,0.054387541420283264,0,0.91095240256115
528,38.683590732488476,1,-1.0189727803168667,-0.4165938649536938,0.7405986541993124,-0.20091149314304152,-0.19635097090898412,0.33892260365560906,0.37808523037604985,0.06083456419534827,1.93533663791158,0,-0.6263494270131776,-0.4836812858403166,0.025854313042996957,0.32971207629255617,0,-0.854718923312753
529,56.86804406794678,0,0.08740900761719037,0.5543661007966227,2.390075056017597,-0.25972725619049164,0.290288635405937,-1.1306280873229815,1.827170919473225,-0.1662029231015216,1.189385189804033,1,0.3241873370862772,0.06875470113204663,-2.2891997539592053,-0.15103495140774026,1,2.287839750454073
530,55.85768138667071,0,-0.19488175708764266,0.02099295029588685,-1.2985165475343485,-0.3119306720794666,0.7362830552729351,-1.4417493946802282,1.4203098811196535,-0.7552052500004097,3.1069482239757344,0,-0.5479024584026491,0.6362331379527495,-1.484385692703151,-0.2055276816592656,0,0.9387210587931308
531,54.65770066038216,1,0.22581442594610343,0.48464562673983896,-0.09772971653143263,-0.9078235672038374,-0.7028990642920822,0.038091237818590584,-1.5171198377013566,0.10672759218005172,2.9233254887216464,1,-0.7370988810207071,-1.9136493001571622,-0.5130421794655013,0.27450410480112963,0,0.8433175317546795
532,35.8210551197033,0,0.4536479794206087,0.670970938588443,-1.1223615890718095,0.3879134687309927,-2.2883566709741956,-1.329871139330941,-1.5728518670575062,0.09152605012703519,1.8980099285802017,0,1.5375226167424965,-2.830473850165786,-0.3252339024680164,1.7583071634306275,1,0.29699620122488135
533,54.405823002889996,1,1.3982508319605313,0.887991402127766,-1.210452479783272,0.22285790685696663,2.1924280098894604,1.5555014967584355,0.20371042151018381,-0.9715898046743032,2.35436967052951,1,-0.19253760494443295,2.1935635490006513,1.2018985119613772,1.6746765895035916,1,1.4778063209932273
534,50.8259541953627,1,0.2881738292313937,0.49394901046565326,0.08987509414735145,-0.06438065963343237,-1.1746173593080367,2.164918243760529,0.3312229734641748,0.0915224184028877,0.9063535376864817,0,-0.24460030647673894,-1.1790136664835114,3.0204773936420795,0.12229692752777,1,0.7413818930257862
535,59.608800752138436,1,0.5470691314231367,-0.23227120263890658,-0.5008535965972998,1.3171114628644671,0.25136371708534366,-0.7517056667124621,-1.323716030515221,0.7541217543746837,2.7086180314829664,1,0.8622587828496151,-0.7318397773783711,-1.6026382861431814,2.457044119829458,1,2.75896641637976
536,67.84356795301304,1,1.4993159669024918,-0.8652272192080868,0.3342224582323795,0.8292180219162482,-0.9361892708934465,1.7496614986694112,-0.7205420892294963,-0.6645396953834128,2.3587485121560734,0,2.148599625516745,-0.7598002853456998,0.7875692100604161,1.031967052411349,1,0.9446783946871956
537,65.88067885594262,1,-1.5842637368577241,1.157857230197104,0.6940760496121327,-0.703416275677344,-0.04636431321871459,0.28828026798227196,-0.422144542769439,-0.6188968184228403,2.226235101537867,1,-0.17000980896557666,2.380077475241882,-1.166561198600499,1.3831029720598647,0,1.530920192642062
538,51.12644172239928,1,-0.2611968208687585,-0.6926752183782207,-1.2507138707111594,0.12394067486088065,-1.8205077490214834,-0.07357320105420702,-0.5811050137669549,-0.5941032534535329,0.6705339082059809,0,0.45042890899892707,-3.549787113076266,-0.8093407782392329,-0.33051312430601154,1,0.19398974581202477
539,49.98125308274229,0,0.03817186354147254,0.00011663406126858025,-0.5312112963470581,1.0511258513010877,2.02525431474489,1.3302491845568554,0.8649157506315942,0.7457118937643227,0.5226553321743991,0,-0.10619458875955123,1.5676540010501676,0.8505550169670841,0.4179846607276304,0,-2.246120580245889
540,56.31948284009333,1,-1.555560340617808,1.6177186677153244,-0.27642931162922435,-0.12761052634645928,-0.1999476592809691,0.846215887936541,0.26978897514533334,-1.6813348076089492,1.417590238086618,0,0.19506248703833665,-0.5836463276480283,0.7480012230540953,0.3862133454202669,0,-1.4690958879752478
541,38.849600465805594,0,0.07668047048190747,-0.7929825381206748,-2.169283370939404,0.015521886901439175,-0.1330508863665237,-0.43430363259031773,1.114232364976512,-0.08860819231454181,0.40421843829418347,0,1.1081119231258152,1.231775519205341,-1.7165970284600265,1.1627605415093474,1,2.4110469928704523
542,35.493168583952,1,-2.35580591273408,-0.27246289094351256,-0.25765138294398965,-0.40218563279189906,0.8204970243992189,0.5471318676146019,-0.33726366160594096,-1.4883410905297827,-1.7995881295250657,0,-1.3909894057161414,1.2306231583422418,1.5290381866915261,-1.114419819963681,1,1.5940368967966134
543,45.27469407975001,0,0.7055377246507755,0.11849311299174815,-1.2750931128106138,-0.47741222001221545,-0.6967531394613409,0.8302825191741249,-0.8948855983579638,0.4746439290587432,1.5389388936107817,0,-1.0377881224344205,0.19728343270875903,-0.8511819602281,-1.2636422725914462,0,2.4556158296226935
544,62.20568913714527,1,-1.4782854357591637,-1.7865088298699328,-0.22196615627500835,0.8684628307311705,-1.7079787447483545,2.3751427219699908,0.2946799100178082,-0.1267582255045639,2.628835194265039,0,-0.19809061284043905,-1.61568226696782,1.8574046747447346,-0.2765430912948569,1,1.6528460853557614
545,46.68871701717528,1,-1.2511849401768542,-1.0689756238735804,-0.04650111352504659,0.21968077216194348,1.346855978524502,0.5828026153197725,1.9316868906627391,1.0411609088655878,1.3137425791279502,0,-1.0478493223827834,2.609028382860207,0.8377696913077732,0.7525433718686796,0,-0.5882607597274077
546,65.02580905809435,1,0.5243443532260578,1.251364850526638,-1.8764434240988483,0.6322972143189866,-2.045883565548119,0.40723142655543426,1.5196983793668914,-0.755477242530433,2.9046702904627706,1,0.3658011885921163,-0.9135556913384772,0.5603209828368356,0.9035690949454833,1,1.9895513411857255
547,22.118871169149976,0,-1.667573347580706,0.4520963110200961,-1.1135505702127515,0.1608227453662823,0.23402847915736416,0.8950951443512642,0.55805985751242,0.8884197133785222,-0.21790008543555764,1,0.9997679630489194,0.196783854530998,-0.8756671870944842,0.36461779421492496,0,0.2948459133266943
548,34.127935732123696,1,2.05378027456382,0.8255222688598278,0.39462292154676887,-0.46474250917598164,-1.4765241320000542,-0.620880884692897,-1.7236681420310034,-0.6458759755873227,0.8474991502972762,0,-0.9138422295496018,-0.7183607820615039,0.074658488395559,0.2358129577183099,1,0.9968813286434012
549,48.76311267144301,0,0.11660276571258488,0.25580834831873667,0.889791685743677,-1.0574743770048503,0.3913668901990778,0.7391259345022304,-0.7729064585507561,-0.626173350210569,3.705574179613235,1,1.2525262997578235,-0.33445343928752447,2.7194019487995753,2.0963951973273103,0,2.1988211506719906
550,58.88194541340876,1,-0.09709308123886763,-1.9528387804084633,1.8957374832732548,-0.3443436449428457,0.6040096442748003,-0.9923469554403453,-0.6066027113249183,-0.7957958318445767,2.9654444209396527,1,-0.6841678316848457,2.0799128275746144,-0.676313371175867,0.40794658794350547,0,1.7309075550193667
551,49.30376901279907,0,1.2031928520633173,-1.0185480828843383,0.3507901863733459,0.5573180246801256,-0.16267381597075392,2.384405443674819,0.9873893891892803,-0.3502489414771801,1.4985244688678003,1,1.0571890766663443,-0.4808611454287634,1.8916702483419652,0.5921734701339778,1,2.546444840859092
552,49.043472555067005,1,-0.07970883908825462,-2.226197737689079,-0.6564249883756242,0.43874476147723174,-0.5630237353454516,0.2677281282328204,2.7935522231901477,-0.08377126333606068,3.088236672959116,1,0.2959361529389757,-0.9358606662955309,0.41381661654718344,1.509849678704339,0,2.04975509148921
553,48.78258504742908,0,0.24063119083066994,0.6417216007037091,-0.9197082881740427,-1.6019626914600424,-0.7825593046076406,-0.04093773575992904,-0.7857454091784951,-1.000905678221034,1.8348038192980567,0,-2.060609404808617,-0.6153016445701591,-1.051625181981447,-0.9109186199062362,1,-0.18904891451873074
554,32.37102265598925,0,-0.15590018072386008,2.7102595848728472,-1.2749795520997793,1.8042741199500119,-0.023670031997263346,1.896390738077086,-0.4576286314523624,-0.4900496985020566,1.203675357085281,0,0.20988249129445968,1.916647996827338,0.8573733318568513,-0.6005576803772437,0,-1.5553969480686374
555,61.58068874439853,1,-0.5018171029556542,-1.5673746857118844,1.0274661973459756,-0.6394029914990893,-0.42182485414959403,-0.755164088932039,0.7203685352067034,0.9150417032619333,1.6458273326340462,1,-0.438605604853466,0.8455706648152055,-0.001953608424752784,-2.331359894119982,0,0.31490731858361
556,43.17235280162629,1,0.3711875050895233,1.071138705949364,-1.3606213962094926,-0.09047594122973888,-0.9458541323424112,-0.634463878799498,0.6299361927926047,0.051356399292328006,0.9589703880921073,0,0.6742272291909782,0.9540536081036388,0.5976797274123556,0.07608825137473041,1,2.346139351144949
557,60.895326572144526,0,0.5250280541270725,1.0894757291156876,-0.7764033948876191,0.21182279727354067,-0.2911058609256062,-0.18191617155587164,-0.7357073116229665,1.3592801267577101,2.2786315694299817,1,1.031279504975811,-0.36863508431207687,-0.6875051205685873,1.1967608879898457,1,2.0171630709921926
558,49.294765820376504,1,-1.2731382452757172,0.18672965692571933,-0.1278262329567681,1.6675076999145262,-0.4370324096615044,-0.4472888948123363,0.46883826416214897,0.5622331416684093,0.09288124024034172,0,1.974274963710208,-0.12503777476323652,-0.05163249313347956,-0.7112673617216696,1,0.8731485718536699
559,60.68160387329081,0,-0.8811729748262421,-1.370511668696358,1.2752871535163104,-0.8377591768292044,2.7711873368866846,1.6693421741488148,1.872858223065485,0.31957087842342685,-0.5976848062995828,0,0.1588380029163854,1.6661080251418985,1.499714307496753,2.3138097879006327,0,0.6080734278087304
560,53.43257980977566,1,-0.6594150524960222,-0.8666863608859721,0.6105243547074932,-0.8129491170153088,-0.34380768878426504,-1.0452852520395337,-1.4758249554914682,0.046293418005028696,1.325807622126844,1,-0.8066191975570375,-0.9541134242378446,-0.16448873623827387,1.825608431247599,1,3.4196360834082093
561,48.933255094417575,1,-0.029588215095096577,-2.0200162374908057,-0.1371024475640856,-0.9868098464803914,-0.5133513342896299,0.43323179976745524,-0.22805230400755835,0.6894451837824448,0.9489913003150265,1,-0.3733212757919002,-0.7486106497224916,-0.27168062365980006,0.1672620385032448,0,1.2677189961738493
562,52.26261647068703,1,0.34566061748224475,-0.12556283129198353,0.6332249019953063,0.22382426734144917,0.6890594604915181,-0.8961000481142262,-0.08271681935825637,0.04718651296169362,2.1625015399830527,1,-0.07075139962699495,-0.970628947345672,-2.5800822180643834,0.7917831156706389,1,2.5015152745531166
563,35.27022390888424,1,2.1560856448453367,0.2175175660118201,1.9230465563039787,0.5602460115136424,1.9045684173360868,-1.4373661098633614,1.7194629176573917,0.4295708905398679,1.7059376701390536,0,1.0075401979468397,3.543009093867789,-1.3460685993229804,-0.5462619181482324,0,-2.617360288900965
564,50.06029327171035,1,0.27504015123207315,0.8220485373348787,-0.3362218685786753,0.17263043350324359,-0.829443643043373,-2.1829845407519475,0.4276418193352196,0.6601772704343873,1.5248776490850209,0,0.8562953984470937,-1.89092504383364,-0.9074124003409489,2.712699643327305,1,-0.33780023327957576
565,67.16040322112131,0,-0.17434368140023182,-0.20418287637676602,1.1433115082905145,1.8478903354287306,-0.162373621280919,1.077449520105502,-0.4290917128529657,-0.7123089957462132,4.49487578386381,0,2.1957555432396143,-0.07850964385575147,-0.5606141641446634,1.899384777384587,1,0.835081820941517
566,63.08193563988715,1,-0.7148807746108157,-0.8477850344444678,0.6152929408224083,-0.3387108993380692,-0.6943641314541845,-0.9969053064836157,-1.6162261912637743,1.9450138180956942,2.4036241002205605,1,1.2126692443587441,0.49139490197624697,-1.8707584787274019,2.7387751899279142,1,2.5352902252083473
567,40.14976417301928,0,0.9852825657091614,-0.6901162211325997,1.2458589939757827,0.21224739354230326,1.2220705165056425,-0.6064470509185035,-0.688868382144338,0.6894217543094945,3.2366889799595775,1,2.06748776032228,2.2319779932556045,-0.7678144684064969,3.2315645203318084,1,0.05907111101177298
568,55.05685851337923,1,-0.011902471223663313,-0.1316282165708697,0.1467659701894747,-1.7799045632030446,0.7306685272920315,0.3617147187000762,-0.777853074739381,-1.3431283932743117,1.29081992845981,0,-2.8346167521439574,1.0899219321268538,0.8546556450713845,-2.081868543960679,0,0.06041799274127656
569,52.47979884747539,1,0.34175456815201544,0.30138997142977303,-0.689459013746934,-2.3740229042316887,0.6531112025606093,0.749315904359267,-1.196270098793702,1.3822991599842174,1.7733430653399973,1,-1.278378555965245,0.6281361091337657,0.817310489027483,-0.04338874659894887,0,1.9273333043442373
570,58.17188280117408,0,-0.0006791646074836991,1.3909701652196744,-1.0446015201818797,0.5209860941265507,-0.8273577784857822,-0.9093726188298484,-0.9517532385331144,-1.1510812602843161,0.971928055362799,1,0.07484563850382897,-0.201543899661687,-0.21997169114716064,0.04831037348444839,1,2.2294119984777216
571,50.94152885522212,1,0.550577342548478,2.0464872867824235,-0.19446241846187742,0.5235971514412393,0.11484083344296263,0.5563678307115357,0.43548138167214934,0.9272860232306992,2.4235752331464613,0,0.07011103214213027,-0.2522499907365701,-0.4000917289347041,-0.40799291038235297,1,-0.3008435612137441
572,47.664960068699,1,0.47870000569200166,-0.0079454905475652,-1.01152545161428,-1.1563394727235532,1.1070286139939183,1.6392260173785076,-0.06887688742308289,-1.2142480242183604,1.0282273759306166,0,-2.5218037901567047,0.9241884514027364,1.6554686651505914,-1.1809479604605706,0,-0.36583025380561873
573,63.30630776360648,0,0.3738427050729849,-1.0778451552701243,-1.4329493979876633,-0.06447408891955271,1.592787840280833,0.2596368488297837,-0.9457973176843638,-1.2812214563956652,3.4190772041051627,1,0.21736158388260357,1.7355936006798043,-0.811472067923466,1.1416483386288367,1,3.5065020196462084
574,52.163965682720104,1,0.0038330862925094996,1.2284236260246229,2.3425369799350486,0.6034345114684573,-0.2823273783878179,-0.6619831052038309,-0.21734779269268933,0.08337722310267122,4.054931983804692,1,-0.5458297708027775,0.2988650993312288,-1.5433613404487758,1.126698097743285,1,2.7243960167215424
575,62.55464321946314,1,0.0934287921470135,2.5569697023142837,-0.9291827762337505,-0.30994724085327513,0.5692683706208882,-1.2645677447232415,0.26180477022375426,1.3685760932837086,1.4265016756301707,1,1.5194837591250872,1.2525444761726756,-2.9292163735469305,1.774468624075746,1,3.9547510777755503
576,59.74386203344494,0,0.38231955899271425,-0.7537498055669044,-0.4848466501421188,-0.8197119590009722,1.03224023068704,0.15490362978919295,-0.8968179762221654,0.07878189065600791,2.09592621671256,0,-0.1931832252115181,0.8873548566933753,1.6069790225713283,-0.4127236006615417,0,-0.25979272190436664
577,46.75512758481092,0,-1.924196184922243,-0.49745487416190265,0.1305419862673035,-0.0731582189107033,0.28637423318601857,-0.007816429140665805,-0.8411045306796062,-0.4760731496747848,0.3220609196795129,0,0.38060628851289885,0.43351617261712583,0.8179832035516847,0.19143951880747093,0,0.3169027606483353
578,48.329997256428406,0,-0.03407262881877017,-0.12034080682510534,1.803167661522677,1.9938287847592373,1.1333461526151603,0.9019877209607764,0.3338497138420742,-1.1446330692696909,2.4482891831111964,0,1.4028659632215525,-0.2761875828204454,0.08105787236654172,1.0558949451424111,1,0.9644211898685534
579,69.29832433999022,1,0.980789473063955,0.022185775142184085,0.665636213506207,0.8091847091406456,-1.9351363861083548,0.5017135448333941,0.42996347938264545,1.1410607907568309,2.683818514660183,1,2.629062373166091,-3.922695659430426,-0.6087581820210612,1.6814053951934516,0,0.17944477363551714
580,51.91482325439912,0,-0.48031451134104586,-0.676415191384908,1.3928987801759105,-0.4393169870261412,0.6273737614305839,-0.5646291503437657,-0.7369780426467558,0.5031098203382334,3.3132228692536976,0,-1.4256769703885381,1.6188527589947381,0.8121596299694218,-1.080084662713014,1,-0.8353360105514012
581,42.413715766399754,1,-2.0901189987529927,-1.3867026782272522,0.17160212057480104,0.8950444900240445,0.07364172564406025,-1.4520218944788883,-0.06998142586181992,-0.5412853938608044,0.39469783943701386,1,0.5430379054719735,-0.16440893198760226,-2.023107750754198,-0.7941777268401473,0,1.7422418728496258
582,37.999567220149764,0,-1.3850350563906724,0.6123370808222076,0.03216932310685884,0.27043260806662833,0.81896588148261,-1.4000467310047422,0.7008024390127978,-0.15539740976270644,-0.8704202266574983,0,-0.5853149310682857,-0.5676339136989224,-1.5153021762350647,-1.535741012455392,1,1.6402392200077143
583,59.741324352577564,0,0.07519753699144696,-0.1351764448225716,0.21255130734972708,0.07660291451808911,2.1778452906454118,0.11668355428087494,0.47631032882637536,1.202436446175891,2.0905266960114988,0,-0.3801544514555324,1.8938467795814111,2.2492479122136717,0.5315446530813482,0,3.676204538143186
584,51.60293721096273,0,-0.7207595682202254,1.1290837187407559,1.2289565121830874,0.3370687739574124,0.777367806258088,-0.04707500077625977,-1.3250948897333887,1.425988068088611,0.5834760593523192,1,-0.36991722396620497,0.9676960353040664,2.497304944415204,-0.10152117984473873,1,1.9196146036680928
585,42.07908049471016,1,0.13392494438603106,0.544329816940449,-0.8918870889396954,0.34185608074180396,-1.6040882465595219,0.02597000046894436,-0.22304517510339575,0.5335731458223543,0.2751266374003616,0,0.07713571592221635,-2.693131972889791,0.8443900317936511,-0.007220869757075102,0,-1.3692639709340082
586,56.74584831236625,1,-0.018462167452254916,1.0201166859834945,-0.5900014124419849,-1.3139713168066938,-0.9986494309590092,-0.5883910836469481,-0.5985927745231493,-0.06704391403803456,1.8282934664182209,0,-1.5506084403939924,-1.695260956699155,-1.8179498880585818,-0.4420528827558582,0,-0.022353428298745617
587,51.59748695055921,1,-0.4691541008985778,0.06299974629271324,0.9318659647838652,0.25970812226150236,0.7287826781761669,0.6426092174136828,-0.7060200163623972,-0.615342591334062,1.8804303293434963,0,1.0371123125229835,0.37802806255576865,-0.8984425919851777,0.7919701723087662,1,-0.4310034346790039
588,33.39524929237043,0,-0.9149978222901417,0.7014287659481864,1.4005074524354657,-0.34887588645429374,0.777554234319017,0.4964120813335705,-0.8064450585626751,-0.6428202957775784,0.8000363922021422,0,1.1514419631060253,3.6068968329776956,-0.5983802153252548,-1.138382408400144,0,-1.746061771110966
589,55.88685554710812,0,0.19548695478159886,-0.7273541200441627,-1.4529357724014034,-0.04803270580441344,1.7385794577706113,1.544831005368683,-1.5650213148352172,1.6753067353918887,0.40111259953921374,0,-0.1943012046472563,1.7868232653280518,0.9975848303647902,0.33912006092300734,0,0.4479378535109844
590,63.33190702843233,1,0.06893169543474216,0.5025503610269159,-0.4847789835202228,-0.9305181466263452,0.9152946449020288,0.23745050685355093,2.2340455042474185,0.16220649978699064,1.3444567522870505,0,0.6889739656117413,0.9183040168462386,0.32731865456932036,1.8671101900107692,1,0.9991928341771629
591,75.5985023063247,0,-0.12388949696262287,1.0114098227508985,0.4975538059052047,0.3896718128392968,-0.9334317213868943,0.04859734032816257,-0.05395655506215612,0.3224064831975393,2.601329571309726,1,1.3573214793561772,-0.5231102406058835,1.5006228516251765,0.8390257973825143,1,3.412813530354105
592,50.34902564062004,1,0.8724144370570032,1.3280186400830893,0.6048712355375967,0.20063175023748536,2.2701254885477233,0.43707854089509524,1.3012767553820053,1.7416764034169203,1.4752072318497476,1,0.7970156581729371,0.8755421293317169,-0.4242925196116192,-0.047389111171506904,1,3.0038163694911564
593,52.32649658210546,1,0.20133443822482613,-0.29361060069538736,1.1892279139023718,-0.028801674030263468,-0.3213648415444857,-0.3746571045300473,0.16534910973062575,-1.9765927944092192,3.3037313979277148,1,1.1189193914514033,0.015803319774234312,-0.2967723355123294,2.036123670573439,1,2.903317768710212
594,66.06596805234804,0,-0.5960315359727529,0.6003547513116033,1.449005287920579,0.266608540000595,0.29057110076463316,0.9126792365524483,-2.643519670336845,1.9235981755145015,2.0628340292381258,1,2.110776406034199,-0.5178472747860833,1.0061718687084256,3.007740626695628,1,2.6041163012903583
595,51.68722266936479,0,-0.3585939500735985,1.3067324218894758,-0.4129453097757618,0.35523313858389827,-0.665290526901587,0.29109103922112556,0.3983223030177215,-0.9391680484036065,-0.4494800683304534,0,-0.442439998523829,-2.035804984301949,-0.20178058230099916,-0.21353765753649875,0,-0.5806054317892942
596,52.75341863079923,1,-0.061930948579204066,-1.5556229163978021,1.111467201729155,0.9226388138471534,0.7441270922060915,0.38440572770771586,2.0553335632410175,-1.4131001664858165,1.568201759691817,1,2.473938614047262,0.8254383216817585,1.0568523912175842,3.1982596388268414,1,2.864482609622276
597,43.69381608569424,0,0.12319077317334337,-0.35642352113852005,-0.868501098995242,-1.4424306051377858,1.5485472661677238,0.9931931988008381,-0.009193183019334856,-1.2415942634615127,0.6807164596179903,0,-0.7857934319016617,1.0266273989816124,0.3587183140531457,1.3897211303025827,0,-2.2722271470882274
598,36.0562488728681,0,1.336415170755952,0.5850923499000242,1.0597273967692302,1.6770837873823976,1.4574653050521311,1.666191085337538,-0.5069948972678612,-1.4838091878294823,1.8448524484539068,1,2.4773403827496536,2.0839194764081514,0.024648045255516227,2.4955512939934934,0,0.7390316811095963
599,59.12687935819855,0,1.6880772408916276,-0.28248023103604897,-0.17666249181559723,0.06693261726354482,0.06458524829039869,0.19830236877924065,-0.4574291488904064,0.8460441878973803,3.4562792751870566,1,0.7716104964671002,-1.2779778943404898,-0.2762276846826939,1.0077722280408108,0,0.35180751395076726
600,37.26429763187756,1,-0.46894531205884443,-0.6536650437766742,0.44843173690269683,-0.38155616871361214,0.001315126803750478,-0.32456293996292146,-0.24695224806398153,0.5991168446179496,-1.0043060381055473,0,0.010547383403232136,0.10319448934557753,-0.5018395354389337,-1.6582069240489505,0,1.4921356895692297
601,61.40656242947463,0,-1.0194071318725955,0.44273970760221165,0.787487770033641,0.8934584173620532,0.7764634633187889,0.48640749510815723,1.4180950084768174,1.02745072974601,0.21531084307945725,0,1.7605011227850154,-0.7927679784443281,1.6302568146864982,-0.1385923262968094,0,0.5573321766478585
602,42.1183444111234,0,-0.5428815131608528,-0.4644269443759477,0.8867356008233572,-0.05950849682255365,-0.2311148969290795,-0.5792628282805955,-0.5128242258530865,-1.0474942238451692,0.5829519518574784,1,0.9316746578266497,-2.544421409864169,0.11710402027269218,0.0481394178517518,1,1.1634941647126698
603,52.652339583982986,1,0.4201262627178364,0.08096607564378586,0.3780790809616349,1.661330951133437,1.0359783984199533,-0.4432135938397838,-1.2244204668127048,0.5737050235263557,2.293958627675626,1,3.614169347118681,0.011411096378696195,0.22987354983251918,2.9764795815662928,1,2.22300917315708
604,46.27728268641714,1,0.8327863481892153,-1.5411080128968933,0.3291405518004243,0.20686034662144415,1.3688456344536366,1.6894968852322927,0.5044134180750253,0.3561209208225264,3.2340895147615374,1,-0.21751874318053538,0.020598864048531507,2.2137562228275285,1.3566620286044238,1,0.9023916959568095
605,61.746002379573405,0,-0.4081148568930912,-0.459044388549764,-1.2571800528776174,0.9788310417362095,0.3925061842405993,-0.14857392404760916,1.584540995139621,-0.21009618259391066,2.8804339268601216,0,-0.2517598033993932,0.84158907075486,-0.8992041756389385,-0.2891640436139937,1,1.848065123485902
606,53.00846402206581,1,-0.9141765813849487,0.2914884613890789,0.4526730295245464,0.03881756536441104,-0.5214092728064162,-1.026564541142677,-1.2472984468503745,1.099802516166042,-0.19449491869666358,0,-1.5397637220728992,-0.6050868900035842,-1.0885457650635224,-0.15272337499631206,0,-0.6962380651053199
607,69.59095352507141,1,0.38236116983222657,-0.08891726740854496,-0.6450666301060639,-0.33324501359578784,-0.03635568321149801,-0.33887517732966305,2.3955383966803883,-0.7296752675570495,2.737733829873003,1,-1.011699047091037,0.777687560547273,-0.33774520874664404,-0.5009902165372454,0,0.03325145059085988
608,39.16322320640418,0,0.623592922268594,-0.033398003553795345,-0.49087866864336355,0.6966304096419513,1.3931589739103105,-0.6567144455512416,-0.4338650567217336,-2.268955249336391,1.8231651739721548,0,0.8490655826348215,1.3560862942439682,-2.6874860190607146,0.03582438140304023,1,-1.1434300112790876
609,54.13863081535757,1,1.0346437051466095,0.328929299525648,0.4086419098949283,1.5011601076720535,2.9961976955992045,-0.36771133866589406,1.4824886627853724,1.0554219987154727,1.9812852884889267,1,1.462023416510437,0.9584047881280751,-0.4422242203136008,-0.15261999638240575,1,2.237346968635205
610,50.47341880907133,1,-0.6377172101134722,1.1058225089866012,1.5893606865808476,1.2175876042646225,0.8198807065499227,-1.6616601803540045,0.2751283892553692,0.7568046966120769,1.8236567134820376,0,0.5867279352556494,-0.7459651765795197,-1.25762518341888,-0.42815043884072046,1,-0.06643911591091023
611,52.79943571256923,1,0.3288624752168001,-0.2324100005540434,0.9898885654156363,0.6568243276378843,-0.5743203547206457,-0.19007537325232038,0.8768064339321907,-0.4867368344584447,1.0390896802846794,0,1.6636664197403221,-0.4938173061594915,-0.00238682565609849,1.8426883981609228,1,1.994815161599036
612,65.95921171610449,0,-1.6316995704565695,-0.011310658679547489,-0.07038740701985396,0.8493386216126287,-0.6827685296471588,-0.6249186932719343,0.3810978180974887,0.009632279790820243,0.8476061325721362,0,-1.017186615344786,0.18707262395249624,0.7898440376043462,-1.0043191252511035,1,1.3700147831591962
613,55.85318030092286,0,-0.10569705815276509,0.08615171434750124,-0.18787433237351905,1.0289804336970092,0.06114583535244777,1.2316372885293434,-0.12406419480138613,-0.06450686097324242,2.903078063710173,1,-1.1403997883256827,1.5015914644748825,1.957276329546424,-1.666974040690248,0,0.31438422338898153
614,38.52474591322793,0,0.7185145063969224,-0.4665573166275894,-0.7139257323529286,1.0344004545034577,0.9469023802376761,1.0216682195392564,-2.2146123511532356,-0.3609870573154297,2.1423829918506447,0,1.5303262101001829,0.5483043418578961,2.5562794591005327,0.4313933333091051,1,2.0599824028148834
615,55.33510818339829,0,1.4837206916656178,-0.774631212246685,0.055912202670212977,1.1277968169081696,-1.2761663883397854,-0.5274880413441704,-2.90777175401474,0.35479861729565143,-0.1619033344998626,1,2.6843653017648514,-0.8088485202325442,-1.9070139019610952,1.6247195683289934,1,2.057873670810885
616,45.8438062384425,0,0.30216295387200043,0.8555923852329705,-2.32168058715495,-1.9642740865120103,0.15640290057957315,-1.4914686772379413,0.18268581474117584,0.10098533922370798,1.5985996348093965,0,-1.3454493686573898,-0.45600081534563974,-0.777527994138977,-1.881390025934711,0,0.18094243359036755
617,45.266450299292096,0,-0.2417501426579484,-1.1510527712550989,-0.1232082627935578,-0.679946305964528,0.6570360784759735,-0.6730837831762091,-0.2246197858097887,-0.2913236565621501,0.2075776044466695,0,-0.7985534746263775,2.6060859001031034,-0.6172429765265579,-1.3376179250578586,1,0.1098273098129745
618,60.45857328033369,1,-1.4059609340395078,0.6055898371433311,-0.6440216665686157,0.7873354084722544,0.8116111729396587,0.9215904822598585,0.6098638369227717,-0.09541513360995878,2.7830230821784703,0,1.12424353618766,0.36100945891061753,0.8611079110502511,0.8589905395436583,0,0.9398162065235295
619,43.976600169737715,1,0.22837110026455848,-0.19900926930086596,-0.1676658290734399,0.7328004658959513,0.10184443233507905,-0.15242799877186217,-1.7404505951204388,-1.4380674279781653,2.4084343595014137,1,1.6350093148725258,0.14445180008545833,-0.29111366544497597,1.9224285005891382,0,1.1930300594711543
620,46.202696724198645,1,0.631758919064663,-0.32909817645333345,-1.5107496802368154,-1.9950785843913952,-1.4220245584726663,-1.2642996410875726,-0.7105283178459816,-0.6904366566244542,1.431372612632309,1,-1.667315511776618,-0.7667833693970033,-1.3184537229915188,-1.1035407097512047,0,3.916493946144496
621,50.32407254403871,1,1.013665760007033,0.33535714548215867,-0.41472254897512684,-0.25457159202804464,1.5187286935058777,0.010649177103085428,-0.20877825409619924,-0.6580676317960108,3.0140022548301832,1,-0.8241547873841666,2.0765689861231733,-0.4382756317790151,-0.33948197387650825,1,2.706706248264833
622,59.46185896745388,1,0.243211710654849,0.48645173876835063,1.49575151099107,-1.592876345426318,1.4501842108250267,1.0289547455984531,1.1295526221724104,-0.11301802821198015,1.327288405850803,1,-0.4939685442827594,4.136030706751132,1.453870263353601,0.15952340702793308,1,3.7898374480970185
623,55.81589802861189,0,-0.955471366841166,-1.0271821304324915,0.19091871865047305,-1.2764343398068785,0.18893400939537122,-0.3520190119012723,0.9524275782175714,0.09784763260798796,2.116690364892906,1,-2.7715290680483187,-0.5425901195804371,0.03997940147195522,1.5109687402265966,0,2.9723952166831222
624,47.65585088082128,1,0.5535038411914245,-0.024973756471969467,-1.1183901838938564,0.05450798839554697,-0.4019506391535518,-0.5447791738178354,-1.4407413289803945,0.7344045973597587,2.032876430772888,1,0.5770766655028485,-1.7577111950730036,-2.3922749422757748,1.4776101470639287,1,-0.2792624879838783
625,47.27823534312607,1,1.6898795293565858,-0.43210397581967214,-0.45528474751905934,-0.6350393284835321,-0.15823326070857735,-0.6550722836132986,-0.9659900516327079,-0.185760666741814,3.007445735716299,1,-0.14999861717026786,-0.23047000323547429,-2.809488468206706,0.09461262782229418,1,3.655083151109525
626,38.398703384664714,0,-0.2623985740206567,-0.7310088520117098,0.13054879007638806,-0.49017617822169235,-0.2751596318763068,-0.3125788066573274,0.41811981633201145,-0.647480273938082,-0.462115513550724,0,-0.8943147137744525,0.22613070090171256,0.2259533418029236,-0.6510233736962232,1,1.2016678663759652
627,42.401649114073365,0,-0.8024460675959331,-2.0811696396418697,-2.2858454587112993,-0.4338956139400154,0.2162550035754537,0.1946856599574389,0.27653926938419465,0.9285756620890999,1.202701819621361,0,0.39700589491976646,0.5549651043115807,-0.48732696461994895,0.9868802111136847,0,0.21556598726404316
628,43.456189141795065,1,-0.32967681048755815,0.8594475691348158,2.3602080708251902,0.24401057963127376,0.4210572694304726,1.309578569153361,0.2689481147970061,0.6637824284310203,0.3473484300488755,1,0.86973428639019,2.391931899885617,1.1512794018116594,-0.21586175982380418,1,1.0926093126432088
629,48.50709058252554,1,-0.013178644122305348,0.89887401063812,0.2592583123452771,0.8217098993459161,-1.2693023856881036,0.2368377420144488,1.4810156533637973,-0.10447001975983886,0.9879957460715822,0,-0.06196903546480226,-0.7907701468361752,-0.05182737976749413,0.10618877600312487,1,1.7430673762858833
630,69.86763037169162,1,-0.5234815281318063,-1.1567948043042922,0.25692271161556374,-0.9492099223458313,-1.5255430934471823,0.813973468655184,0.4717120474799674,-0.932717549373172,1.526442966854445,0,-2.926045421839141,-3.7253993878082325,1.6704687296643688,-0.2727397677930272,1,1.0601536948108938
631,43.245305662135685,1,0.7063328404846041,-0.09848329019026422,0.7807882945380626,-0.17398579242030374,-0.23987666541195224,0.2565926889892263,0.7868998899227543,1.3224068537777174,1.3641731885459412,1,-0.466156068709482,0.08919769575945627,1.6550346386251242,-1.5537530564588584,1,2.2990049276001185
632,47.04170932094361,1,0.4307301819014316,-1.2163055534335292,0.561676047467248,0.29315927569212513,0.15863668920706295,-0.929040021950362,0.8919107537537213,-0.5976358585251328,1.1613760975691385,0,0.47370915936239233,0.2050016642661916,-2.035649094268082,0.6654120070304976,0,0.3517307251472418
633,29.476015950233943,1,-0.3343253115633758,-0.34861709207222447,1.437853817325308,-0.29972187607946416,-1.3469823041638378,1.3492291349568994,-0.40989375003562656,0.4485208084702121,0.7829755790245261,0,-0.5051054594914729,-1.2241573283407865,2.051726467634098,-1.7788178692273608,0,-0.9954654396380668
634,56.00571094310507,1,-0.019825242851109096,-0.6312343057103383,1.7008775698310312,0.7353766519564194,0.30890807380293084,-0.8756020141460558,-1.386354496732378,-0.8828253090965322,1.8978878770762382,1,1.609193554180862,-0.5365377615533418,-1.7679101023102755,1.3470671590053491,1,2.312891916370454
635,34.225512061729944,1,-1.5390658498782006,1.356809994610881,-0.8160259323428158,0.04095788632842475,1.0872969632260376,-0.610460400259535,1.9872218006455644,0.5934905768293438,-0.5259502974234673,0,1.0514299322033647,-0.7129996431127852,1.0921238448732078,-0.9645055513046144,0,-0.6506965865366575
636,40.93410477835643,0,0.3212542755093889,-1.3644793276955576,-1.94148645973249,1.1978509268941508,-0.47878153975116844,0.6827083599640356,0.22298438265053835,-0.32921361987910036,1.0358451614867012,1,2.258099021985303,1.7289513304159125,1.414641210222047,0.7778707406127807,1,2.99263518248131
637,60.42335368440993,1,-1.3938066433750593,-1.781988827559687,-1.6960137427618633,-1.0671201765601426,0.9825567465339654,0.4273362218858294,-0.7577390448335788,0.5945971003555042,1.278096677066224,0,-1.8273850666018432,0.6276033566126373,-0.8228462660477758,0.023017118481904686,0,0.49191069262983733
638,28.950715704210378,1,-0.2773315560899788,-0.347457012463986,2.2024729678824104,2.492505084885169,-0.8445706399751707,-1.035990203722827,-0.8568852034566062,-0.38730713200283823,2.085710858026484,0,2.0394894284814713,-1.0146904322627148,-2.0600137160676617,1.9498354889502878,1,1.4807740452356
639,50.9592041239524,0,-0.46134446373035987,-0.2869483860302233,-1.077162909334321,-0.6048018265962188,0.468981832146901,-1.3221884527827477,0.7626310956709242,1.6879294504752809,0.8116916703574839,1,0.8315668096437285,0.4413568562932609,-2.437870285540378,-0.29182391324910006,0,0.32812667484604463
640,58.009296466651264,0,0.4665790006493482,1.9679846388600162,1.5051126382213043,1.4016358043414108,-1.0868137366038224,0.9274343416257987,-1.6166954159998277,-0.03563640752981659,3.1143125979243003,1,2.856165616619388,-0.38415882290354747,0.3032766570507831,0.5946542913508952,0,1.1377134980758945
641,65.25444236440278,1,-0.4441420598829812,-0.7570252983837296,-1.0666371371795274,1.1410268413449651,-0.19672045703355157,1.019269691094365,-1.9931454913504278,0.19707525536804665,0.6229482017413295,1,1.9787449520315783,-0.22322019205994942,1.170932601098925,1.2564634677570492,1,2.4786410686612492
642,40.79906891510387,1,-0.0469579475499448,1.477832522159583,1.296894950755277,1.6875776374990088,-1.2263946780893975,0.11217082739623233,-1.0209701879223418,0.5847955319939585,0.3999902943563577,1,2.9943302072658833,0.2600565173829945,0.8737109561868361,0.6899985017845495,1,3.277540322835836
643,43.75975149760135,1,1.4951920337999378,0.5072460938775308,1.286711889211717,0.7959335853230937,-0.0669134208818339,-0.98207623708927,2.269044549485786,1.6246218899427327,2.4016811342217,0,1.3342458391698995,2.210437157310819,-0.08788934657701575,1.667102464236366,0,0.2425245072918635
644,68.04436323402601,0,-1.5694320397731794,1.6552904964260458,0.23366992646294035,-0.7003035560536292,0.5579306432047549,0.009303758782516864,0.9064280596676833,-0.2217159510217883,1.8054862403753589,0,1.1706358377499737,1.6808394501905606,-0.1319562961021474,0.7203872086047496,1,2.5964934746630366
645,49.749398554184026,0,0.11310162671401226,0.2801932209082876,-0.6370269150371201,-2.9610642953346127,1.3468978755324024,1.307601206106843,1.078312952085164,-0.8570132582581595,0.612542468903265,0,-0.1525144999837469,0.7141362063765601,1.010716337377213,1.8810789205964642,0,-0.8971225870535753
646,42.63736065730328,0,0.864209270891057,-1.6101093195896548,1.1503142286433135,-0.7432722246562131,-0.7792500855595365,0.318049855100291,-0.2949427134400629,-0.02992962397213045,0.6025944870262014,0,-1.1076443703065584,-1.2830430651468,-0.9261075413467628,-0.7210435558339297,0,-0.7362497325629584
647,42.82514162692773,1,-0.6277501961007957,-0.9242918608428999,-0.5524882881865362,1.0794531585705465,-0.4171152325803304,-0.6389084379373492,0.441685370331507,-1.635547526444142,2.8914799419082837,1,2.099191229216697,-1.6867270541083328,-0.5913389117591784,1.4734102880449442,1,2.4524107787338294
648,40.274436764325344,1,0.020922464263224836,0.5483952845001672,1.5618379904780686,0.23582480461662716,-1.7716499859193453,0.7920243406440928,0.3065566789419209,-1.3855949353942631,1.3820230093473518,1,-1.9677435643431482,-1.2318289578882664,-0.049405341791137314,0.47890922325955565,0,1.574283503871104
649,45.603277945740075,1,-1.361328858800937,-0.8829474775054426,-0.5850252127427769,-1.0256147124324493,0.58469807573357,1.951107150757237,-0.1571074604779451,1.9176008276208962,-0.09941654479343831,0,-1.101492795424459,1.537367427077915,2.7873739455198234,-0.4376624107228843,0,0.9588538502815311
650,60.882204764493444,0,-1.6087791363698718,2.393570170889887,1.3870723601476367,-1.2162882064424114,-0.8950019142432928,2.125076050015774,-0.050986334163147295,0.12927611762728733,1.5722841204048361,0,-0.6000807609305779,-0.026143196990029094,3.3398522611856007,-0.08266223526809785,1,1.381769430062454
651,58.87766068573464,0,0.7221090222044116,-1.8265161674719017,-0.6924002590523327,-1.1654119651532142,-0.8747279522449946,0.5268216881455584,-0.1844851053151734,0.032636339362887234,3.4927375418896163,1,-2.8324743115279887,0.4278264969393266,1.5372633984686215,-1.8851825893832006,0,2.84595551180104
652,38.257296971746555,0,-0.32714360015432026,-0.6268398593898983,-0.7421508873783693,-0.4775670764563269,-0.1286716313181337,-0.051676019442969026,-0.45628183722277965,-0.732209682088763,2.2219290644387817,1,1.4403672924854847,0.09556333165324986,-0.06478973590579493,1.2208967863531612,1,1.4507759387893178
653,52.14586074704235,1,-1.3126848467029635,0.4727113798108409,0.7043683007237501,-0.1517072514031206,1.215389314139142,-1.4922869318996295,0.015100872614924607,-1.7051426253292197,-0.42299916745111454,0,-0.33851696236935314,2.3431030874689354,-0.43484786715798696,-0.6502059587130267,1,1.6956671091277433
654,45.97840264927482,1,-0.4733789495330511,0.022131301323773948,0.01972831869406312,1.5305293821660402,-0.9194547198003292,-0.7397506887638905,-0.5602370911419801,1.1649524599489638,0.4595658514460029,0,2.5230296505562504,-0.6221441040469553,-1.5128232379048634,1.0343205512280378,0,1.7892870014249285
655,57.824404041044424,1,0.6044343995551278,-0.46986465530730054,0.6413409050889562,0.2858283264469915,1.1499312190228692,1.2822121779109765,-0.24637937715436264,0.21361930526103273,1.2552897445561773,1,-1.9752191057861934,1.8128529932498236,3.188556937864112,-0.8470106285965624,1,2.5157561029213182
656,48.436402727707005,1,0.5512317172135621,1.450006408054447,2.7894867412834743,-0.5903154606073278,0.7396241085352907,0.7834191630476641,-0.5184611243910737,-1.0630386806744798,2.0162226282607913,0,-1.6714564500892939,-0.1745076908526323,1.2093226221795983,0.47278719667012403,1,0.8740460393264721
657,53.715246817997674,0,1.0477341721595803,0.07747068613839689,-0.9217307391794055,0.3782101257519229,0.043981463251407345,0.17842258342774106,-0.3649578235844341,-0.5361130495812272,2.0913837672706457,1,1.775140912016327,0.45632400424443875,0.2384150887198911,1.8688481303555848,1,2.469175327630178
658,48.413947930415006,0,-0.5039968517257415,1.0785207137840946,-0.3493789722027377,-0.7961837636920793,0.8987985590396543,-0.8288876737488102,0.5518670860779195,-0.6867632656852954,0.022748268668202787,1,-0.5793434700415513,0.6871709944647609,-0.954284903701967,-1.8513500511963699,1,3.851854957640872
659,28.129140693617774,0,-0.6274365750811618,-0.418055118944176,0.13711402747336082,1.5011303511706624,-0.03566059668051031,0.7580346702087879,0.9854004802930804,0.39176235342669097,-0.1498979000766627,1,2.3257137630144937,0.5220510275245418,1.4366192378837803,0.28824325143071694,1,2.153044537599989
660,50.47002445368644,0,0.33088139622160656,1.0431459302082968,-1.0521519939818988,-1.5050324082069153,-1.1341311911999299,0.6114230654201268,-0.25981862975829256,1.4031037651925264,1.0556476088286892,0,-1.0199232667747005,-0.3960407695169861,1.4388946752564986,0.05777423572067841,0,-1.5044914615469445
661,37.28253050469913,1,1.0000955616677676,0.23433881122554,-1.6538374836210556,0.5886698651536876,0.011235709735545166,0.5142354168877645,0.4511481715073526,-1.3427722025413593,0.2442902164123506,0,0.710212673161658,-1.316853049146032,-0.919317163979656,0.25977525302640214,0,1.3336253395260897
662,57.471284116768416,0,-0.3745585616861393,-1.6192832692373071,-0.9197942540204698,-1.3498748224363628,-0.14621545463372093,-0.7553870882568875,0.26423263753576404,0.29437639733468757,2.8129630243355965,0,1.0199435749242336,0.16206319818370568,0.6539265705255407,1.445904757748008,1,-1.3339016015271954
663,43.20172107600212,0,0.958191140298206,-1.211030155896037,0.7399981214731461,-0.4216608149409383,-1.1529877964664343,-0.676186427659631,0.4712217938570664,-0.44561488473710376,1.5883742579358864,1,0.44015552268218966,-0.21848592758612728,-2.372039680416286,-0.3381433616197055,1,2.2268219768654207
664,43.94987343927011,0,-0.3334698202423759,1.1298420664950024,-0.7078248352720896,0.6442992308921398,1.0338034250840071,-1.3000924148145676,0.01905713761267661,-1.1167282082390582,0.7274767309350387,1,1.5639862891061633,1.9526209934136787,-0.8808052368448992,2.248179699862436,0,1.9675539049055804
665,49.91097174987697,0,2.0374519423753807,0.002871917273824556,-0.7001481179262949,0.44494062410939433,-0.7825562014244318,-2.200896280427632,-0.24255424068866677,-0.8858794705786738,3.906571928760343,1,-0.5719879341329898,1.1808325407654956,-3.4490576119057836,1.2352994447026568,1,0.8300805726661062
666,55.77793954224381,0,-1.7196739038220863,1.1457317166470344,0.4857377762849824,-0.21224717100705406,-1.5919038137043626,-0.5344706437665101,-0.37320907077373244,1.7128328862739277,-0.5729900837593584,0,1.1867482218665444,-1.9598355734428785,0.19944829141896814,1.9960223412072957,1,-1.7766907798570617
667,48.30256182200871,1,1.5348348768792863,0.7284967942868517,-1.0086671844896815,0.09788144245600122,-0.899156592121224,0.22143575918564684,-0.11293965135984431,-1.599335770362046,2.765638443523716,1,1.5966685343580982,0.42064570086950903,0.34915950936755075,3.230887194513624,0,1.1409308971899101
668,66.42182772045021,1,-1.4974802016921753,-1.1180837827963213,0.9181772223048182,-1.5507518908526825,0.38761111391405834,-0.4689263309669714,-0.0015898105459468575,-0.20216905849023392,2.7118019379314777,0,-4.513516734153298,1.3624873691365698,1.46807751892813,-1.8304182377583358,0,-0.796208471486928
669,66.48817861485807,0,1.2231733603288117,-1.1896943632521466,1.9309868994097699,-1.5063553040907687,1.1206078593040525,1.121529773723788,-1.2578342971229048,-0.11655998306365532,3.350095658252685,1,-0.8774290280897348,1.8669284793089438,2.212408936023747,-0.5905423484024022,0,0.08122165519539992
670,67.15468592169991,0,0.08580064278962317,-0.10183600092275157,0.2850277136634458,0.5454851258530672,0.26748630101278753,-1.290278995774548,-0.7373600597102692,-0.5212282011502244,4.240546318850107,0,0.6972855596751373,0.20937981493470637,-2.618692302374069,2.036983588474411,0,-0.344063546753922
671,47.65681275441233,1,-0.45334290519831816,0.1696914456722519,0.4460626571476591,1.7810449559042878,0.16249560401847893,1.3177794463935644,-1.5822737095093122,0.8103443328434303,0.7193872765417588,1,1.2995606151034442,-0.01025933103756782,2.298816365487892,1.8527064154229156,1,3.314837851942262
672,35.18041543897145,0,-0.9087702389250821,-0.6956355092200975,-0.7105246628928931,0.8322271241762895,2.278389830409155,0.8350217006867736,-0.8992784665695754,0.6276771567750129,0.26074325743731785,0,2.5827945513615185,4.140991108907461,0.6542261943354447,2.5714459151314113,1,2.4638851946765286
673,62.20078514238279,1,-0.9281221437605338,0.5110429145965435,0.28447946558189513,0.2529601647015016,-0.8946822072061213,-1.2482303347505386,0.10698478091525405,1.067516396343968,1.462138056333061,0,-0.3474712814930393,-1.988441996129015,-1.6019314367466642,1.021508811594594,1,2.377720453970981
674,45.83654714700224,1,0.6817559566212483,-0.21425635670706122,0.4825484074545349,0.9988840195560054,-0.5479922929091118,2.581187722389844,0.44763759913270335,1.6830828745265436,1.9266622544405758,1,1.749098222590689,-0.20477603770032288,2.586268183901043,2.4462097566293775,1,3.799422457744335
675,50.38166312002008,0,0.4603092139816421,-0.7567693214406188,-1.267514004440533,0.1427783307369233,-0.27477128101032533,-0.22839797269024334,-1.833654304520233,1.122577395042361,0.937866529313359,0,-1.1085360073371602,0.2384567623396332,-0.5830325994312584,-0.798491516555929,0,-0.11021591753373476
676,56.2832010285517,0,-0.18844453237818976,0.2550360671185059,-0.9585475107989712,0.9048009207733482,-1.1418511909777778,-1.0068953775720328,0.8101615012511233,0.4751485444328104,2.357943797249127,1,0.8643089294581676,0.5731076612609458,-2.384636229473866,1.9017414988381036,1,2.186102447400036
677,33.955635994873475,0,-0.026584242413399836,-0.6430439973742427,-0.8077747194822448,0.3994422746936329,-0.6125852264194003,-0.9639428780932281,0.5351952493747603,-1.7302327468564849,0.4732042155673244,1,-0.3203617879923438,-0.37230078505813946,-0.7395965644207267,-0.2618462087217134,0,2.0023428312015814
678,66.29121205332498,0,-0.8712811974290425,-1.450739454366229,0.21188479326695098,0.12112601804800369,1.7818203853289518,-0.47818041220045293,2.593322466064393,-0.5440815508322596,0.9805581293618141,1,1.3929706444310241,2.9217149718858426,-1.7697726402639993,0.9814220597352381,1,0.9690563831065455
679,58.749623291033075,0,-0.13256744698926726,1.5722014309790753,-0.5268127626300986,-1.5771561039774453,-0.14047142018585634,-0.36173447433912204,1.290023844645028,0.5803746782064017,0.25054604287177473,0,-1.1947775447524607,0.7652971415383468,0.779705342009382,0.663792710521192,0,-1.62409114398088
680,53.52271582071473,1,0.8858411117177848,-1.9677082105370909,0.19338346100714385,0.3692243045894853,0.3474068860808409,-0.5824446588701933,-1.5132030260038734,0.529398297125088,3.544621058846729,1,-0.8421944105876729,-2.1489543484715643,0.5486555128166163,1.246085587597852,0,1.7834302787330025
681,58.90916750478691,0,-0.9075919954733179,-1.6575660939088723,-0.4885260826508863,0.35969353896730766,-1.013725018482207,0.29215691014615447,-0.5294641433309464,-1.214923965155961,1.7239150671909649,1,0.7115222052148085,-0.9841925017301988,-0.5301773410266726,-0.19019143058165533,0,2.713080824787613
682,55.56952539327347,0,0.5211375144393836,0.8293534938502135,1.097430996186316,0.7689788586332097,-0.1710148084590037,1.2435970965283378,2.4503326235635825,-0.5067364499091929,1.6025449923693882,1,1.9452900510106153,0.874518617937002,-0.7999459568176073,2.7499970283330297,1,3.12002908512483
683,51.16828115569078,1,-0.461446863154594,0.26344714240216105,-0.1797435333581432,-0.1252258546400204,1.1927398252494867,-0.6690059942468779,-2.357675465278208,0.7207721541576633,-0.12947068429112418,0,-1.1003414946342192,1.6264729874790171,-1.0195236848797617,-0.3183318655436779,0,0.6144289070024984
684,46.9222567785544,0,-1.527569266253622,-0.567433758116047,-1.0129724881725433,0.32829516853631074,-0.5492526581921373,0.2698092515569876,0.5639970175682536,-0.2947665014565607,2.1060166596648777,0,-0.248665662405749,-0.03902369049769683,-0.3547718920471587,0.3356556610559518,0,-1.0167040409338381
685,42.608577256442175,0,1.0616788318809716,1.9407830335454386,1.6308443095162706,-0.5069235542112438,1.8446189431809286,1.0838864128413825,1.5974819260820567,0.3089721682224001,1.3817577237033538,0,-0.6562434282667167,1.7220715085092704,-0.7100917548945389,-1.4192342112368728,0,-1.619941093777082
686,52.872142809033676,1,-1.3739471578514193,-0.3943675231409005,2.068925792934494,1.5708951105257105,0.40445673392148035,-0.5116501164693443,0.8666691004126365,0.299127536121335,0.5668369303556047,1,2.1304702366386925,1.2734898955865823,0.0032714948698129853,0.7899787990625804,1,3.4144080179126384
687,53.612030597716746,0,-0.4648277333134064,-0.11244234339591393,0.771442008581233,-0.5093560598721335,1.451269337821307,-0.7011790730645674,-0.20727777385728682,-0.1400320826108862,1.4178859519790978,1,-0.050821851001872975,1.9925429601540328,-1.2856285642159109,1.017103111270217,1,0.7971646668355294
688,60.83198802688199,0,1.0692534354743424,0.015557181200328615,0.4634643274934726,-0.5689616728000407,0.9784755558028729,0.17055847572693345,0.8356877804020963,0.731351646430421,3.4643255827008153,1,1.2259785596646162,2.2030982853103853,0.8719034479282478,1.684897007865034,1,1.119957385481585
689,52.00660008719197,1,-0.7872107937761171,0.6124180327000489,-0.02563058784028305,0.047977193542331625,0.7769324170567736,-3.2014039604012625,0.5237739120822608,-0.4870477751542862,2.1094502925060237,1,-0.41880637926211906,0.9691291537815745,-4.173452821566892,-0.11786304689865335,1,1.760127963918113
690,41.46798484219439,1,0.9425534238204085,0.6905210460280535,0.4447176652206228,-1.6727650083507417,0.5045227849506478,-0.06607721617552761,-0.2502926515128494,-0.075587967981026,1.5365953467306288,1,-0.30300306427958423,0.24062899115613512,0.3563166870404262,0.5071267004055052,0,-0.25173977173012463
691,34.23767152603344,1,-0.4485015716563621,1.3623579676495012,-1.071911759010689,-0.8770793020876886,0.40266422970725513,2.032062037672565,0.6105174907743224,-0.12617581554545618,1.713758726330483,0,-0.4452022594746646,1.557130318690072,2.7760210582246265,0.17419782510887385,1,0.6247772488395187
692,48.72437837990069,1,-0.09358917826887828,-0.467553705226738,-1.152219996025367,-1.611124627316228,1.274000368222892,-0.4433404096017568,-0.2508631049689867,-1.269188038050478,1.7333267532040113,1,0.05015859202335626,2.5326809495668856,-0.47727098542126756,2.4576610465946462,0,1.4341601997077866
693,49.72541623310429,1,1.884547476805244,-0.04586790594472202,0.5841617366420977,1.6544495794264582,-0.6654981304884253,1.6592073788235375,1.2141759061527073,-1.8110374144789392,1.259527552172377,1,2.6427323852660027,0.7531451004439649,1.6878494430028326,1.1772119859386023,0,2.257670039934328
694,49.019084172064005,0,1.1357906611668267,-0.2995987587733574,-1.1867882694976202,0.40961352368544945,0.4672870933604541,0.4091952535039607,0.5029891979816382,-0.49254253835315087,1.3095986918147302,1,0.5522738720393761,3.6987812198083128,0.2332701937623588,0.613093902150436,1,1.2149221178768892
695,34.69487102644376,1,0.08618543293472397,-1.32888833551476,1.8204766888432373,-0.5374086336324038,-1.3459565806954956,-0.22750114628481927,-0.5255769478090521,-2.048850448503495,0.9961968640361406,0,-0.813901420938152,-1.796387667993851,-0.8539886735640299,-0.18795812694502212,0,0.11922700401400184
696,60.74465140535508,0,-0.6539905475698093,-0.3292349532251783,-0.7850306536443992,-0.975982218054671,1.6312710385341078,0.2305667393603595,0.8459732543321951,1.5273061898740445,1.0248800125397635,1,0.13852399528038872,0.19507861703221407,2.0220514940054333,0.6244223314943709,0,-1.2266332889137275
697,60.726297462337826,1,0.02688626945725665,0.3327390391693472,0.5475422802138425,2.0781455628909393,0.8153979025561046,0.4455108951467761,-1.538311881863586,0.784947077109854,1.9110128411329768,0,2.970677701750721,2.6596879261921362,1.140079669800824,1.8496534110245473,1,-0.026797639526133676
698,41.76714835385509,0,1.649609729994417,0.11459394405258284,-1.2389716006256533,-1.6192329150030813,0.5344260181718594,-0.6343894149477297,-0.37463502164211243,0.21183323820108002,2.06425854290156,0,-0.5131039021438826,1.5691837911618982,-0.39156929301352267,0.6089919963628246,0,-0.9435985139746778
699,58.05982111622154,0,2.172050913582808,1.428078163698785,-0.018724875932474166,0.015005479988633332,-0.5315844679054703,-1.4603870597458217,2.338208553681176,0.2811047565747195,5.8400167962157505,1,-0.1487676283178631,0.039727143727674386,0.4942916790447627,2.0428835414689615,0,-0.18590269170875362
700,59.52830861811656,0,-0.6198320340365894,0.19868735826215714,0.4178126403174684,1.3240089248239557,-0.004800318912970894,-0.27220882465256413,0.16772716696534298,-1.4315415993296299,1.136311508286086,1,0.20028612197849327,-0.4658295797565475,-0.9526780880060369,1.559875856241689,1,3.0006200050718594
701,50.38447076647693,0,1.4442450624913878,-0.9906029398084975,-0.4288842553649695,-0.6268072843740353,0.46773754288499564,-0.699538953046717,0.5323945642835992,2.5043128124103116,3.116026785954155,0,-0.5509454312203804,0.9539252908086755,-0.525724954033084,-2.046625681889469,0,1.273268392858015
702,40.51501373805923,1,-1.5778277877826399,-0.515554158731026,-0.6311460873484799,-0.9927197296719524,-2.238077379511793,0.6141396775830588,0.31108360373320304,0.9930439994233022,-0.2973553208232613,0,-0.04023537740916283,-2.1951550544458667,-0.3234015489182158,-1.9346824068229254,1,0.9714410775716367
703,66.13381535261024,1,0.5882064080297049,-0.8164093278498717,-0.2697168051712133,-1.3168898814028762,0.5088921810737367,0.6801492008745067,-0.30808647867465744,-0.07235108763590144,2.5759142337181427,1,-1.9213425712765542,2.4581131831620238,1.2052277129839233,-1.4747728068481838,1,1.575021289260484
704,53.80921433772227,1,0.3743664207436114,-0.6007949486107363,1.3054244424488255,0.8345853729176047,-0.3875353284145436,-0.44311705865776563,-0.44651215450488096,0.5356782574456506,0.7304286196606402,1,0.9751426841273051,-1.3856809622797477,-0.3067144630454447,1.327141564092577,1,2.65228670400537
705,47.489625447879575,1,1.0410969219158048,-0.08838047729908165,1.0118089850285905,-0.7114931111081686,1.3687875958623006,0.523759591485834,-0.6774114001439475,-1.279120114638652,2.624775812413229,1,1.1045694405620394,4.792394109109858,0.5436090236453316,1.4311183381926098,1,3.3870467319036797
706,57.72845395672908,0,-0.8324088256872509,0.7623564505871918,1.1061423763781273,-0.9578889578144112,0.7784793786815123,0.42136682549570786,0.7574936230005149,-0.4465116017392152,0.8382647841324881,0,-2.03051799809441,-0.6205124029779816,-0.8023123693275085,-0.2840053439444313,0,0.2702048004834394
707,66.22208487850152,1,0.14601715372487883,0.8639418603207202,1.0388220860273611,-1.747857111322898,0.672820137522688,-2.2388329406100587,-0.437527198292246,0.19804267414662619,1.578555273601379,1,-1.2857621429428274,0.13620832955743678,-2.9266551470241255,0.3324351454710698,0,1.0305517126423671
708,45.02839853311134,0,-1.8617597537365473,-0.9130083516258418,1.5197867921220434,-0.6583426159045171,1.1863700095164877,0.9672648686869144,0.692031150292417,-1.2576155002125022,0.24026391973197042,1,-1.061916360724126,2.174837722299694,0.41854815330947637,-1.092650013674658,0,1.3534662631184593
709,56.91422545256789,0,-0.6300652183072499,0.4204363279276708,0.8118449129759054,0.7943339701252085,0.8871092909744493,-1.3685241534860126,1.5001812298018211,-1.1606521754006889,0.564569823515348,0,0.29951478891217814,-0.12597707067492214,-3.684482473015161,1.295059456052416,1,1.7112089203315914
710,69.43160170724708,0,-0.01700358267398227,-0.06828320753921147,-2.281516355559531,0.6178090665789887,2.3012773198824785,-0.23258087439104402,0.11861496388492028,-0.8590731829255775,4.2609263237986195,1,0.7231553570067261,0.7111041068967832,-0.4045720136453027,2.098379795512092,1,1.759819892402222
711,38.8343516576452,1,0.19451308258922834,-0.35122407122438004,0.6429825771966916,-0.05115059379749389,0.5467186056045423,1.6047477292564907,-0.1146262928083835,-0.3691976829754681,2.6917932092736834,0,0.7379880801522395,1.1665007579543565,1.5365639296579787,2.010395476173632,0,0.634551783842635
712,44.50746411271937,1,2.791971166364041,-0.6679228220773333,0.45087014822939553,-0.5785711785565252,1.4453357326829472,0.8351586833909154,-0.1271343033664072,1.3202344998253495,3.907012227116475,1,-1.717375788491481,1.9056572477831748,0.22957093684717633,-0.4834289351693092,0,1.2232998453496897
713,44.02144919407795,1,-0.5093949936499329,-0.7356792898094604,-0.2213265884364384,-0.7188985087005758,1.635976808279326,-1.3291520486793018,-0.4714753742625792,0.39670851058708756,2.6787173876148542,1,-0.3728466662345439,1.8290203056574765,-0.9485479678014719,-0.6394705822871292,0,0.5878873937218698
714,48.4167286295078,1,0.020851016457012695,-0.5318295119463385,-1.472612954543157,-1.4886608539458415,-0.022853776503027244,0.06882839023059366,-0.42201608554707376,0.3850510815306469,1.3478537725418618,1,0.4599379675336466,-0.7258298731250359,1.885460558422612,-0.3014489128971871,1,4.044490212592692
715,47.90026264115805,1,-1.1520024614842568,1.0435105784734027,-0.6807165035126217,0.3619902797497276,1.0339019173954003,0.04375658875196527,0.62731775322609,-1.6004972492837484,2.308957043839639,1,2.248095277956518,-0.03158377650857802,-0.7701970258824079,1.9081875680884817,1,2.0584521872408184
716,53.0079543936705,0,-1.886396597996423,0.9404581385638228,-0.33320491506753386,0.10812149853259798,0.6582808307633993,0.2730833561186063,-1.0053305593724795,-0.4932595945338626,0.3982225052336084,0,0.6198373925087801,0.15882668833309738,0.4539125268851685,-1.2443919973428952,0,-0.23487218472440108
717,41.79624479865263,1,0.8983549069080704,0.8298010169454388,0.8749058701296897,-0.0944577782875447,-0.20740356540247767,-1.36801986513238,0.5714276297798938,-1.3553488824753728,0.43428003575568885,1,0.28951898610615734,0.5386453672685064,-2.315060048994207,0.5580019935529914,1,2.353471388767822
718,43.77336511119107,1,0.905452835968431,-2.274712092601075,0.7199914135268224,0.30031095314575024,1.0210881257003448,2.1868972808861256,-0.8804428379168325,0.2813679623967962,-0.9553315970460401,1,-2.8878051573529007,1.5161203391176012,0.5339614521747678,-0.05591378321804141,1,3.428753675248333
719,53.01290483982576,1,-1.3754405398140352,1.2436058527883829,-1.1595308371011916,0.7771389420157795,0.7206081373324711,0.43809863362118695,0.07241749214091589,-0.4535288155336196,3.6104516195434897,0,-1.9825195620317766,1.4022574633503901,0.0032806608667208526,0.3013014556410037,0,1.2143116465812958
720,51.549118597337106,0,-1.6897908946886235,0.3037199552078254,0.609591300812769,0.5898593787315338,2.699145773320628,0.12856782696976243,-2.1783645712648108,1.2216716455301622,0.3356957163493293,0,0.609516854745531,3.0996479088228095,0.4447565897643618,0.6548191961923435,1,1.0459009489537368
721,58.740798091601995,0,-0.6358816097257353,0.8659122213555431,-1.9195818917737453,-1.9867135882908848,0.8372987170024289,0.9475909522363302,0.8125425120563994,-0.14626976183570767,0.929850888116242,0,-2.576198593178764,-0.1451188331381713,3.4505334983575993,-1.2194126860942935,0,-1.1145318606045356
722,54.0935502492564,1,1.6670257868439342,-0.17126365993673123,-0.42663516220316083,-0.33985902349513664,0.9994897181098842,-0.1860352376396954,1.7746846539882861,-0.7868736324324935,1.0362412014148874,0,-3.208897978011459,0.9278946652725051,-1.0046739030199732,-1.4579900184444303,0,-1.9618872603348183
723,57.71846635560763,1,-1.4881413492156073,0.18475220011077823,-0.016102190476040962,0.3012246036433559,1.3751881545706666,0.6211717968832645,-0.5746125023946552,1.1769597029270817,2.486092759390502,1,1.0890364570382616,0.14613010990435282,0.4607197592694625,1.3364613159829533,1,4.585559975497254
724,38.570479604585,1,0.681796857695334,1.334531340973518,0.7470098396826175,-0.06494860393940063,0.5246832420395986,-0.7442822222033135,-0.29668944346609244,-0.03255151970668562,1.3255067359386365,1,0.6645181819515856,1.2043625628987165,-1.3742039669066717,-0.13713086147515474,1,3.2475205613230536
725,46.16583688884217,0,0.1314266306188423,1.013471037295286,-0.25784178244593486,-0.6064029667183434,0.23081939383402106,-0.6568522063621265,0.45177173074591054,-1.1329724690688676,2.009406717232233,1,-0.23837648009979717,0.7237215211528165,1.5675893081661454,-0.33147476169193424,1,2.821743505649161
726,68.48379950883445,0,-0.3018174541542164,-0.927115132876956,0.56162186832919,-0.2286613429694055,0.12747538783040457,0.5541069947670894,1.62231977363467,-1.6680678802334223,2.048793620158058,1,-0.39604109250700104,1.1749068192505936,1.509490703718983,-0.11874465229315878,0,2.1800440168328645
727,53.92078046551669,0,-0.6046016019551887,-0.7948392180037915,0.29535298315718767,1.776112154319623,-1.441302512566679,0.006833247656622476,0.786543819136095,-0.12532132940642493,1.7073383157464013,0,1.0039603369828731,-2.2416676110509233,0.10004939904325477,1.1119030652637811,1,0.8679103207411301
728,57.47392961546316,1,0.24498204614018904,0.44887929524614456,0.4875384689746032,1.3302468745909526,-0.32672887178478055,-0.04521252291551652,-1.4107499298489237,0.4492757549307985,2.474614195945451,0,2.6300179036063343,0.6112114977171947,-0.5792463675927064,0.5935935627595543,1,0.7735389925834476
729,52.72734737162794,1,-0.3107950666543592,0.1978992245706631,0.6626589328178157,0.08038056844877747,1.7354206111466566,0.36867970179856185,-0.014574660365516866,0.11736575826481344,1.6671314386751446,1,0.9631580342730659,0.6385267747911831,2.3482444795768034,-0.3456405422822507,0,0.9282356686771955
730,54.253358569287855,0,-0.39932039869894714,-0.8891628057717216,-0.2825197658635658,-0.3941052835785225,0.7467065725864906,-1.1690303771607826,1.2976020755532316,-0.6806770487627779,1.6257998562384648,1,-0.4156403734334556,2.132192037796224,-2.15794988936725,-1.2604388386946948,1,3.007371605937882
731,47.69095948471826,1,-0.20753975082220685,-0.05808642639609575,0.8811263326688489,0.5187081647121972,-0.15473029978431346,-2.6107931937462525,1.6143708971000068,-0.01327252919685344,1.1337651217777256,0,-0.3259503203202073,-0.2485555430747617,-3.743564909461126,-0.9618603186911701,0,-1.6886138813934657
732,85.71579218026311,0,1.1116224872159368,-0.6814720180067562,1.5543477036613995,0.9372085331929764,1.339630613559945,-0.2659061574242492,0.25251897431934517,-0.976235085789844,3.248483283121342,1,-0.01003030068941646,1.5919012895507458,-1.3002427894540627,1.04941670260785,1,1.5445106758564031
733,46.03844077590302,0,0.21284143528388993,0.5838747046950579,-0.15948326394005183,0.352979105816708,1.548166322104633,-1.3655573425948035,-0.12515176032613595,-0.8845858159538141,1.8701042505563066,0,0.7686724997307333,1.2922682417321032,-4.212463465226172,-0.043526384025425635,1,-0.06486246778503768
734,49.61678782256848,1,0.06895192451824346,2.274703378703392,-2.2624169420927256,-1.0641592352010503,0.25279674862711454,0.35746553216735794,0.07025432509510034,-1.8907646725022875,1.622744483293857,1,-0.07724896225613842,2.3673940900012953,0.486505167553157,0.6958868618876853,1,2.612315047617177
735,25.75163674544751,0,1.382578791774409,-0.9076668722975513,0.6577977366230582,0.05297102502800583,2.4660128677781636,1.1071591655381248,0.23323413315168692,-0.3106412585047116,0.2358238786367195,0,0.14390569962621402,3.8289009907197054,0.5415038853219205,3.506317306934256,0,0.5970360977907135
736,61.06266657594722,0,-0.2681484528973282,0.44305266895127493,0.02209308665970119,0.16078536973446675,0.2803673912120102,-0.1922250377806935,0.25646059878674965,0.6381451545223353,1.8419537221430862,1,-0.5344048838923254,2.6811607006628684,-1.0962492145082998,1.1658043854880142,1,0.8106867705879783
737,44.47747050315073,1,1.432837566672641,0.42088148473299347,0.482015915387739,-1.0950014214379984,-0.20378717776136884,-1.4151482965499753,-0.6371639930966921,-0.15431818799164576,3.0062449935408515,1,-1.9851492516942384,0.5972607856581666,0.1532910006373407,1.3470277608454295,1,2.5026781639997333
738,49.39205893988359,1,-0.6758122959072727,-0.20065745476922558,-0.796564191366739,0.15115599683252337,0.33157375718793397,-0.12807861575679352,-0.6332877488929645,-0.09494983934395387,0.44771805069187687,0,-0.03602104264649705,1.7298094525839611,-0.6614192282642593,-1.0336189714355206,0,1.2523011741673333
739,44.71959449118169,0,0.5311489133594557,-0.3767400065759829,-0.46267178398400854,0.6191395102418557,0.3213307705251484,-0.8540175993612596,1.5480102231921256,1.6511449498217703,0.43584124213577824,1,0.7472111883992869,0.5230222047169012,-0.25590066717906734,2.625825812495427,0,0.04054997782231573
740,48.61317054725154,1,-0.32310328942580074,-0.3451244242806939,0.05673717272164838,0.5586084611207605,0.5684886475158883,1.1444751867278984,-1.1923568584243238,1.7881214297769745,2.334759990867918,1,1.5435986290165629,1.515741989165766,1.4356921086526262,3.1954009264951844,1,2.2035207019179555
741,47.1575290157937,0,-0.06849627644987176,-1.4638430055886906,-0.174749340378522,1.338158248143312,0.07809593573374879,0.006276407746373341,-0.7001089398998801,-0.5945437839373441,1.0011566566535905,0,0.5609508369032733,0.9954869888892128,-0.1004296306917907,-0.6622192678342382,1,0.2871323165425844
742,49.56958224219352,0,-0.6432392357586125,-1.9752989026932481,-0.054580732236385154,-1.340014069150889,1.0688127216244974,1.2042070418624953,1.1637731350035236,0.15775279448874308,-0.1848422253721842,1,-0.827395943557411,0.9399599469983557,2.988314193270117,-1.7030020373761179,0,1.4731564649735809
743,49.47198517346153,1,-0.29538671129326194,-0.8621266081811992,-0.49283752789274193,0.25037537470065496,-1.1083302447606902,-0.8175427974338904,-0.9120143097809558,2.20242990090308,0.9204102156261859,1,2.8934091054478452,0.703918565067627,-0.8478008053758218,2.3709835081898367,1,3.010386786861534
744,48.457946885141176,1,-0.7005908760038099,-0.6036356196140189,-0.1305798218980758,-0.4956143408217786,0.2085492150547644,-0.021593243447846012,-0.5464325272529384,-1.2429116628640748,0.8283488957510841,0,0.14123973004184487,-0.3924002293135379,-1.170463184534884,-0.2869071448544588,1,2.1360840806410835
745,48.3212277345372,0,0.40285179956609257,0.7464880416309605,0.6837718768474543,0.8626929450151863,-0.1322337335149633,-0.7597730781029184,0.018166028344895863,-1.6260041340726608,1.6075701438117824,0,0.011969897569579668,0.8221092557324498,-0.3479471786743785,1.0817314632902426,0,1.078404632530441
746,63.08518452326017,0,-0.8247681482118305,-1.1011958414445358,0.5376584323128425,1.0204657757501217,0.4996372014538752,0.48779681203796216,-1.4137165805493026,-0.7335142783348617,0.5981467628148399,0,0.24731988522762594,-1.112629343736773,1.0469158128357257,0.3095500069139083,0,-0.19066202136890878
747,58.814169197592584,1,0.5365577151566516,-0.5236036697941725,-1.263990098227497,-1.337084634047363,-1.9812973276847454,-0.29643667140738245,3.558981300037497,-0.4523898901541967,2.7995474574318493,0,-2.1269183518281713,-1.7701049734949839,0.8795760528809073,0.7362272363655603,0,-0.3979749302432232
748,58.8744231844659,0,2.34706586550955,1.0725108548069282,0.21363959247131195,-0.3583629975960682,0.4666036123679282,-0.7210845681439982,-1.6702512211758076,1.4697868352317087,2.6200099182836922,1,-0.8402731771832643,0.6740159944736853,0.7648100268053888,1.802219402919406,1,0.6745412442239023
749,42.67551118888224,1,-1.55504129321614,0.7957676771167663,-0.7290185603605197,-0.973820836518626,0.13148236562678442,-1.4143520129421556,1.0564818735690529,-0.9359687640234825,-0.1652407664968797,1,-0.41515175411396793,1.0983074092696707,-1.117663137299523,-0.1875391646075374,0,1.7054167051021443
750,62.56820831848364,1,-2.3721213776386474,0.4782028253825329,0.37357655977659737,-0.09675141251955262,-1.5835903376481066,0.8391169882228098,1.5636725947289911,-1.085416437170436,1.2032626254170378,0,0.6331306581785618,-1.3427448457412061,-0.07186351230821664,1.3450139649091806,0,1.2876867640833898
751,61.316445091958876,1,-0.988195529631995,1.1043782051962148,1.191946819272083,-0.05394183233305137,0.39726799224603465,0.6198299317585807,-0.5973886169837574,3.1362247208574567,0.058004547527510164,1,-0.6805214179934884,0.9092056633579607,1.7850837848575463,-0.8967027970979091,0,1.4618027699063583
752,44.46595671198435,0,0.7432967991827534,2.6549472950478687,0.8211487896868627,1.3060790341834396,0.011803981112976624,-0.5577682059053855,-0.259850351196536,-0.48474791367045156,2.9528799150006746,1,3.170552079173825,-0.9935786242986018,-1.806449942189217,2.503039105929427,1,2.6492762613645833
753,65.23852017199803,0,-0.711160001708371,-0.10022658262579595,-0.6583192721736838,0.4946300474960398,1.4203011103597836,-0.7500413945290484,-0.8117782974129286,0.3619319335740423,0.8769677778551357,0,0.3510429774453083,1.2168747565261504,0.15810852196386904,1.0263576026587717,1,2.7985281094596512
754,43.1677405700021,0,0.5774810876838673,0.6102816865885027,0.09297336557733213,1.0541527892899192,0.22347066283813855,0.485021877001455,-0.8522921951630195,0.3432457138717067,1.7790455139461145,1,3.0696699403065875,0.5449015524883041,0.7016686687943405,0.6143088925480469,1,1.6536535515317166
755,31.57968161594923,1,0.9492212498170659,-0.1290170273224312,0.3838876172400239,0.9592756570496521,0.5678173395771176,1.2558452499071584,0.8629771202437225,0.8762539760136147,2.2760056357627296,0,3.137307998995162,-1.2326012054545643,2.4011435011043263,1.692971650391998,1,-0.20723392109342553
756,61.015259861531725,0,-0.2510781173963972,-0.18308656960409295,0.45537261702322385,-1.054684356246414,1.1445566627301043,-3.5814739447659694,-0.7002013073791664,0.11725169819941018,2.6649099899123616,0,-2.3655476465810055,1.132726763175906,-4.468952417135412,0.6085312920475253,0,0.9006909387483819
757,48.80481219569924,1,0.8847682509983086,-0.8983183783774624,-0.8556522287395905,0.05139526425025841,0.6645329990986781,1.1318757207374994,-1.7511845997198734,-0.8846699319877523,1.455069787987691,1,2.065227411441273,1.7415032276732292,1.7290619263682807,1.3572936897713992,1,0.5584489740732028
758,59.769215645749824,1,-2.26950177333614,1.6917084755276692,0.5292615901595079,0.9513922835170552,-0.4117114520523813,0.31669639199713356,0.14659764614382512,0.15972819073417902,1.1627104726557673,0,0.04034649206278962,-0.15047111308194455,-0.17517773994139968,-2.526820658562709,1,-0.6096715552562821
759,42.457978372758085,0,0.8345327309752071,0.19305220590589575,0.3192548827644887,1.3881029686642326,0.842957900255895,0.4962350880473373,0.1849387624648327,0.5212619190912199,1.9092378197522482,1,1.5703670661902989,0.3971666603408456,0.5186873455113851,1.6799372745443684,0,1.6729877082717128
760,37.38229988252957,1,0.7993033732591057,1.5339691106689914,-0.9559896051312572,0.7518308508981735,0.15765946216654478,-0.4351780880879985,0.34766078455678096,-0.08522484188675906,1.4783287931621858,0,-0.14226013124232173,1.2250301895768623,1.930909437544998,0.3577740105247387,1,1.1870788594522734
761,62.318717886239696,0,-0.09943286179014288,0.38364318949702636,0.36138696883242855,-1.7143327866698046,-0.41475531691603534,-0.9990532577583952,-1.9143675481378075,-0.19182144756292585,2.5343556968581744,0,-0.9047127361952413,3.1111901741981094,0.41130220924396343,0.0389282822417123,1,1.2857955902210916
762,35.927314366042324,0,1.0035365626469492,-0.8656226717108877,-0.44607188633110284,0.4452515794941243,0.3029853859255185,0.31019978983810254,2.437229894403705,1.143184644660831,3.2942636348702248,0,-0.21015467348636852,1.3235444678114932,0.33383510269234434,1.5680143014383918,0,-0.657944198120139
763,34.38969488562636,0,1.4409628845796751,0.017867595435701423,-0.8977123198232796,-0.0644511337550922,-1.333797300275439,-1.6477311842432159,0.8697769859058652,-1.0533872882114492,0.7683622425243902,1,0.33396555088194474,-0.3821930434257399,-0.7504257192294267,2.8218848060956203,1,3.2733432789961983
764,30.744131092356476,1,1.9328205818714956,0.6479994990562532,-0.40010348594694123,0.7057843240628519,-0.5440062536007324,1.3061296954695576,-0.9643657753847089,0.7625504018297111,0.840641817136196,0,0.4863320738585735,-1.7913912049537524,0.7159344295831135,0.776917601511013,0,-0.22339338708084236
765,22.055277016924215,1,1.9412492955640848,0.21814168510662144,-0.9505275089637282,-0.7022639977346874,-1.3271797133851078,0.4915977769844669,-1.1401287968280112,0.29045413316218344,1.8216707406095578,1,-1.3046020634248336,-0.3328961104439774,0.7733564277978082,-0.8150464332227583,0,1.9304880092662224
766,39.6089561673561,1,0.05552552931562209,-1.8162870510023064,-0.7182893829475626,0.0891430188250709,-0.036387851280249614,-1.0246183978647505,-0.2993357579046683,0.7453554449309757,1.9813549258371457,0,-0.5078991583827801,-1.0681469410699989,-3.1072428154237803,-0.02119763036409883,1,1.718697690972435
767,28.305920415879633,0,-0.14121719967410357,0.01701640912532161,1.480793076535305,-0.3152546158869596,-1.3150645943537984,0.5905991634191603,1.291993385358581,-0.3947262075767298,2.3690243374366426,1,1.879513830946508,-0.31867264103662873,-0.2657855839032779,2.1223995037768493,1,4.1790776885040515
768,49.643945153901704,0,-0.07810128600356411,-0.38755517559738945,-1.2956014523863622,1.276792170612795,0.3419934536084574,-1.497472622693803,0.8147003557465458,0.760904863726903,3.0202520283417273,0,0.7601805066348831,0.1508745239613802,-1.724862581213618,-0.06238477452305302,1,0.6213570669216775
769,27.635826496753527,1,-2.6744902903031136,-0.41365307408992763,0.7805028947461435,0.6157033248918783,1.0349048322172214,0.6239132044514656,-0.6860797596216972,0.36273954854844936,-0.4428017179855701,0,1.6917861666907394,1.1888384133557557,-0.4626994346912888,1.7668479008415332,1,0.5239208730947804
770,39.0572658082401,0,0.698156780970632,-1.3691103991530722,0.4670081817431341,-0.24860976484031366,0.8341413915324233,0.7804859168185538,0.20941595218182305,-0.5353308661350568,2.0706348749383694,0,-1.4151230853769878,-0.07408462075650113,-0.5094264466702336,-1.0102241442390956,0,-0.6242224415696815
771,73.32061996209657,1,2.3493556945678784,1.888867121196887,1.5231395083820287,-0.6219801596977176,-1.30303746251497,0.05067240209764557,1.526852070328777,-1.5774388062002975,3.831618005919853,1,-0.3075274962501736,-0.8071485550266465,2.518210487773745,-0.19575967165049146,0,0.18912778759938442
772,53.45124240612071,0,0.5658335488614014,0.9834726033388939,2.0013069173972844,-0.4240579783169099,-1.3879886012397886,0.5815817770924526,0.0640903634264278,-2.1753742473656543,0.5637496806678293,1,0.048475963566959046,-1.4845910905551707,1.002774804145572,-0.5434663185403809,0,1.555638272492484
773,50.52805675407726,1,-1.4214788449588278,-0.827084891071715,-0.14503973662222458,1.6773095911841125,-0.6144275324121662,-0.978059470603993,-1.537651509212605,-0.13431788027125202,3.362140802833168,0,2.1541430541206514,1.333643020258444,-1.236231739934143,2.2843332343675,0,-0.03938403810087797
774,33.79248019680143,0,-0.9946916974424368,-0.22330479397056371,0.316658953757979,-0.19624447628126068,-0.0948467385617469,-2.521361406151055,-0.6333275636723669,-0.8358957232093952,0.3512515867072856,0,-0.49192548454891805,-0.5854232476315376,-2.64935295637137,-0.4628754860897376,0,1.1448024198931006
775,47.54402334051229,1,-0.9384257354165478,1.2918367437539318,0.0649490565353061,2.026776529150967,-1.5054821833925707,0.7227541020301694,-1.0527491675495864,-0.47372246402402896,2.248730241298516,1,2.7494699033575447,1.1017632797250057,1.7182054784991885,1.5334272349789524,1,3.4205287639038247
776,50.48108563136617,1,1.6570519813450593,-1.6253219257209177,-1.1028264046286942,0.1814020152147882,-0.6720193681294725,1.009590901704605,-0.7497258395087586,-0.7826809529165953,3.688606502183029,0,1.1078107596428255,-0.8170658305417858,0.9936899381052009,2.2317544622025682,1,0.9977635592366663
777,33.948192042129406,1,0.5023938192500375,1.57643805616815,-0.4374681935357531,-1.1522926729894398,-0.6673409839643725,1.2606755635605909,0.2797996130768511,-0.15873852861468782,1.300702427825514,1,-1.6040349765530564,1.2824825586263995,1.2152551078017462,0.17775975919685522,1,3.8188791558873847
778,51.26180680880619,0,0.6381286339251548,0.3630679668852856,2.7683980554043894,1.1310573650629385,-0.4310630397825316,-0.164355122132595,1.071834122281199,-0.10752414113752878,2.0927466143122264,1,2.389523548198808,-0.9278170261132324,-0.9506882750574136,1.3019028358827915,1,2.168654450209901
779,61.912324570650995,0,0.3535297139151791,0.47512907467542814,0.423670518423466,-2.0517523430098343,-2.138521730275742,-1.0243760784297857,-0.5692499539852998,0.9448658879189942,0.597388438923669,1,-2.4781086736842357,-0.08928943954091118,-1.2764810366652786,-1.6971467423225075,0,2.8738007881444148
780,46.5174188116062,0,-1.1114787296686919,-0.1604847312861494,-1.5562073503144334,0.10517061503993053,-1.4567339079996418,-2.4324244577389504,0.44881575248323546,-0.8896610901696801,3.090313146210882,0,-2.3270008673538554,0.1581580021139597,-2.646178507103655,0.2252076033660288,0,3.3239518958610748
781,48.02763631595715,0,-0.9439107085347871,0.4408547474623587,0.6327048265928272,2.33315465040471,-0.5399555773681384,3.3117345914046408,0.9998563963287016,0.47867831574614583,0.5544617907844211,0,3.9759847853029964,0.4505351296383161,4.996821684336218,2.7892833469833853,0,0.23568995161898312
782,29.579035845045766,1,0.6807384847965919,1.9579672069180938,1.0540039594541533,1.6885897263166372,-0.8160633444801326,0.6798137964341282,-0.14516793318754487,-1.1383477173350582,2.5904873796565937,1,0.38477330443121427,-0.34742711628007084,2.167207973939404,1.9926231757992754,1,3.4073368881034503
783,36.00766131390413,1,0.08621154721492759,0.11017819277098724,0.7083899834157703,1.4259927350097341,-0.18035711148493458,0.41232348060949336,-1.7656337975694032,-2.712810636073249,-0.41469678500216123,0,2.0819843020504116,-0.7202542882152021,2.020284766012871,2.364680023183322,0,0.8220688569753287
784,60.57695101428216,1,-1.858098419358453,-0.6867227411187872,-1.459792953709625,0.9607011795172196,-0.4742669277625466,-0.6577067572734892,-1.1378393901841926,0.4220310436313602,0.8217549542126058,0,0.28366672074394517,-0.9272576566743567,-0.9934686861583657,-0.13441294103011625,0,0.7127742228676842
785,43.38449353419494,0,0.7860269970493,-0.522894131832905,0.2648070101432558,1.2081093473918498,0.10464706815966127,0.20455193465679042,0.32061779296465204,-1.0285967347472122,1.8580548690343057,0,0.793560694161863,-0.9832123130489089,0.40013242961233253,1.1432667644725942,0,-1.274580801168757
786,40.70288365557583,0,1.416729692327733,1.0443149591861545,-1.631477663557547,-0.8299834422955685,-1.5539198572331105,0.19505181739218805,-0.9496310442866728,1.1838755103179006,0.07926287333892512,1,0.503275730381689,-3.6034412237410294,-1.8373229310783339,-0.2331693571697402,1,3.318771934298235
787,43.07416884028643,0,0.006391881202623415,0.2781743830943227,-0.24528931802665827,0.8059695382685974,-0.21850758636106288,-0.4131881339483479,-1.5437639646568508,-0.7116315482870198,0.4015232315057723,1,2.0873887612283335,-0.0795187995942952,0.04513967629217136,1.1482311011129993,1,0.8767442278918869
788,49.4253387299917,0,-0.3159645126292849,0.23628414225781583,-2.787052655787298,0.3830039999621296,-1.5825913953717523,0.341001830440302,-2.028738702993487,-0.37902375354566314,-1.041471369971335,0,0.8529603705723593,-0.5038454138538759,1.184646000354273,-0.18995092939501235,1,1.769009117281208
789,38.415840891342086,1,1.3657923587191065,-0.5489540245694996,-1.8408897246116709,1.370917160913659,0.5480518822430265,0.006704988752876481,2.0803678760119673,-1.507148292456904,1.758196976042619,1,1.0719838367972672,-0.007346756632329421,-0.010746879812211577,2.900558462150595,0,-0.31086705788310853
790,51.265165059702355,1,-0.1957317622915745,1.413055233368764,0.332406497894992,1.6638241182745597,0.9734265538196136,1.5986540555854394,-1.6416542709477526,0.6534622991061148,1.722656256198432,0,3.861814406524368,0.6912073842651958,0.7687999212490968,3.127370789746024,1,0.4990943793412509
791,36.39992322876941,0,-0.6138219323350175,0.13056310113731845,1.1012672652769868,-0.4510191385885238,-0.8655153903812423,-1.657628398941076,0.5383279645378339,0.6190989713340933,-0.11813716439376565,1,1.4234901360028702,-0.6687416832263726,-1.827356287301339,1.7830422803167307,0,1.4103671529534991
792,57.740000020757854,0,-1.5385035698994083,-0.8068638252954703,-0.11581128827501216,-1.4497902774744786,-0.11911477986364996,-0.41577288654842487,1.62673804534661,0.32876692178582284,0.7009292517020118,1,-2.8651182423153947,1.7345936670601996,1.40702763115919,0.2631497131201388,0,0.5312850057516845
793,39.429442226603975,0,-0.49119880233355484,-1.7498244993298495,0.6834001091525962,0.043701389864746955,0.4512344568732903,0.08078646089192161,0.7129229256944336,0.6472659050139502,0.8946201175724087,0,1.4327569972784728,-0.26752457523521395,0.034968425175606326,0.09326942079657219,0,1.565298061809453
794,63.20268318932101,1,1.8670006315136745,-1.224522143662872,1.884163077812859,1.507181483993361,-0.34714533845854606,0.06390986841772148,0.6546402400114811,-1.2884391178967647,3.716092500749974,0,-0.7968957683684392,-3.130812430587805,-0.11510382908643402,1.229287562823777,1,0.5177042857347298
795,49.899673472426166,1,1.1638047132536464,0.4075934612897799,-1.0140507382391117,-1.4294437965132825,0.10460944337707233,-2.738581760582644,-0.7283620108173932,0.1840030356911425,2.4518784804358877,0,-1.1500339654301708,-0.9295933215067425,-3.444262155989962,0.4466252940953469,1,-0.47017246592909756
796,41.543555716047706,0,0.11936481908700643,-0.8807278984964255,0.6322327851117977,-0.22214429998499804,-0.8156600093383666,-0.1998385891872724,-1.1659802255189908,-0.8578307179955198,2.508425578709623,0,0.6963399058104631,-1.834319266486462,-2.062329049019543,1.0586088922511894,0,-1.6710306926172445
797,59.114606095823156,1,-0.005873957527278068,-2.030958872167198,1.2527416382258079,-1.9525410754187054,1.557434003222461,0.5314889277456796,1.0175373369925695,1.2824555994934357,1.8251977208907548,0,-3.3474169050133207,2.3990839126875443,1.3494284948136497,-0.7031703315558449,0,-0.19468125502082645
798,36.25503120896887,1,0.9896393202180513,-0.840856330543168,0.18170598181901534,-0.6665426483576744,-0.09791693292046515,-2.7722535440827394,0.10501689921960648,-0.4911983291208546,1.2958341555458532,0,-1.1847824453467328,-1.7920972014515961,-2.8805488380563893,0.15294364787535408,1,0.8033285846406393
799,44.5293435498259,1,0.10230140229512603,-0.14773608232527696,0.4034272862940259,0.3708830596469809,-0.3040813854704563,1.3083204169675113,0.4152170365562129,0.709830662399627,2.5627458030928265,0,-1.4486261602144053,0.3603548037128352,0.08029555959735912,-2.743779657044529,0,1.1986953701167993
800,49.999244733893846,0,-1.2639047390050024,0.5921831772319897,0.49527891470658686,-0.03699041275008956,0.7505247881846695,0.6931938601406122,-0.3453362738922646,0.5865394377221625,1.7194361735683685,1,-0.06848558636412272,2.7346847683404643,0.8731925500371642,2.2848970082666726,0,0.896795202004748
801,48.78833196711791,1,0.14429202577258377,-2.532554525015195,-0.44009596254453376,-0.840725101342268,0.5852165797657866,2.2457363103391037,0.11241310264591413,-1.3355637219847667,-0.1046453687649247,1,1.137493397795069,1.3173978436194609,0.7949199968894964,1.1191950953023746,0,0.6411400409963555
802,29.91414531629374,0,0.17551025490535685,-0.0508674061621912,1.26200796873041,1.4893317585236765,-1.6359131872509156,-0.9225169148793281,1.6148036272984652,-1.0935645680036878,0.256405820988455,1,1.770292651740003,-1.3804107562201238,-2.776293160254169,-0.5205990037640071,1,2.4258444411390494
803,40.79353457386634,1,0.012904455906803555,0.9000358998312006,-1.2775645199390544,-0.4170388288471303,1.0789484670432434,-0.8855038042330674,-1.6644957817022665,-0.0025453871682707824,-0.40693965845401836,0,-0.7897885589231964,1.3838496752042329,-1.6002190380947647,0.4306018029911971,0,-0.9545281392466333
804,51.68234342423432,0,0.25744993760617924,-0.867728174471383,-0.4033381955301366,-1.9058012618564382,-0.22614107304836714,-1.1936470534300632,1.2479301861112544,1.1573275946903947,2.1364088004423087,1,-3.6542736331476116,0.3708347448204852,-1.4461704401130306,-0.6661632400378118,0,2.423405512770113
805,36.801084406400896,0,-0.6929007863837637,-0.5769596775818446,0.13396693090656586,1.946527875816672,-1.820995655649507,-0.3449028434328899,0.04628717400494432,0.039383235363402234,0.3254694482806012,1,3.0495207885198896,-0.2177820901465004,-1.1976020133825833,1.9308784411688769,1,3.708493393435319
806,62.66429298665847,0,0.1550720823556625,0.20087222443176114,0.9409655979188428,1.0685915221543234,-0.26033103740338687,-0.359252475684713,1.5326846355848978,0.9387982798763861,3.8829642388403833,0,1.5018234214123551,-0.46823977875696465,-1.1625100437645755,3.222694602609918,1,-0.253647865650068
807,54.95180888785986,0,-1.6032786392621192,-0.992314214458306,-1.1063143660048007,0.3125480461895042,-0.995461575839593,-2.0357663763975236,0.850090511723933,-0.2664799532597304,1.1429443956418566,0,-2.002154166376197,-1.796452600093202,-2.323446200355012,-0.7359684635028019,0,1.3659118567502784
808,44.857596092889295,0,-0.9206314242118562,-0.9146227111995376,0.9339452805747286,-0.964677288806644,0.4255252386852183,-1.016750885845927,-0.5492238867152549,-0.3875264243975555,2.163146083655068,0,-0.28968741896201355,1.0571541364710897,-1.674645762382698,0.04365875226940996,0,0.38821308596432264
809,47.797075346999364,0,-0.2438551034837904,-0.11620028179917181,-0.12141952414319936,-1.0602731565962773,0.8182862336079109,0.7808354542205371,1.3731652295438925,0.9111815122410323,1.8790438054574037,0,-0.6156103219260742,1.2996694332749223,0.4739298914770131,-0.39092205445549477,0,0.9684107113616511
810,68.61564123831818,1,0.6025375644251278,0.17697230934977645,1.0111641887303198,0.12548950970815317,0.003541991007085753,-0.7864359527264295,1.0949765359270105,0.7359466051702097,1.1608629819312146,0,-1.1180497713091244,-0.27268032376800166,-0.894489651944137,-0.9394701692508569,0,-1.8154684014901492
811,59.35988450876317,1,-0.2973313876549095,0.5748607748380147,2.16583173643093,0.15116066288276517,-0.6054033579948375,1.5857263370002415,-0.20631119612138293,-0.9857487666139588,2.7677827134798467,0,-0.7987874929646244,-2.387361495010709,0.4892020115150528,0.8524166842215013,0,-0.9108395452686314
812,53.802191448661716,0,0.44019839240629904,0.01620874270202407,0.9483485449344232,-1.4364328112658156,-0.96846113584182,-1.4899732990995813,-1.2016242380850006,0.8831038621013142,3.149011971312813,1,-2.9558853160827265,-0.9026929001173724,-2.1759741462708084,0.5837697461966557,0,2.0896035569859883
813,35.844812295657235,0,1.0226774579480344,0.0026865298396103487,0.33485544976916126,-0.9978225395586793,0.42122705849378667,0.6269423198056944,-0.544341927443214,0.8929867879966588,1.817851388331231,0,-1.8478624721070356,1.8966587382296227,1.099106075305234,0.8445542926466695,0,-0.6832262356656477
814,66.29611318645959,1,2.420233270553744,0.24938708149169656,0.3508205135494158,0.4848469009054902,-0.14441677445285536,-0.8367025867713974,0.15716233567376686,-1.3598227490720267,3.4096228910534228,1,0.6383253790908112,0.0926002021213266,-1.9685575912739626,0.7650805689216906,1,2.4413053399550217
815,60.52401068873978,1,-0.29314377587767965,-0.8739890438363892,0.6438484540137762,-1.260396335955619,-1.3298013831415736,0.2626066148433774,-0.5165781556055926,0.6477454299035147,2.3958729301103063,1,-0.13099918232176888,-0.7054564276588743,0.6526430048927002,0.6916538885114624,1,2.283507690507762
816,48.51594612440129,0,-0.6437313807083694,-2.097559270470829,0.6077838601150525,1.103121770789417,0.7455218414516576,0.0545768816876741,1.232624021895641,-0.07992839595209521,0.15756152439092308,0,0.6115342792581425,0.23296675249826349,-0.9590617591205218,0.8142262500242443,1,2.4625830478344577
817,44.503019307912155,1,0.03858913554031246,-0.9017329609707531,-0.846686487281377,-0.38612056284812357,-0.7766528411825807,0.5422550268257305,-0.2967368278475793,1.277541569483652,2.4708152052340173,0,-1.2794112786246634,-0.15951881219594255,-0.357578020148153,-0.5111398318917088,1,-1.7940900515582012
818,48.120960612232274,1,0.1984260053639068,-0.48662802696899804,0.2477554672409519,1.1408497124217831,0.580448037503505,-2.052874336606083,2.050429189570349,2.2254884838915854,2.9422475303144213,0,2.373199006650162,0.5775612364444981,-1.4608165790620524,0.6543284673464249,1,1.220123015620595
819,37.98063319133026,0,0.5461233825734567,-0.8184302545765396,0.5588931241585989,-0.5713775796028941,-0.5301089450401718,0.6584818878304736,1.487502271278725,1.2718311690782453,1.2748718857999504,1,-0.8911907471210028,-0.7984992770807235,-0.24205530778585982,0.914308699574709,1,1.935917063357411
820,45.2921444229266,0,0.8125535077021971,-1.138029087764694,-0.9486542688560583,0.675584717671042,-0.706474443958789,0.09670237455531122,1.4944763526885354,-1.1581119297158382,2.542256383069459,0,-0.5729871009315609,1.2961083885777578,0.7688420565665846,0.9819983125480287,1,0.14374705908208918
821,57.63160514154516,1,-0.2823927688956929,1.0625923385176665,-0.10781377883105416,0.24492488917166733,0.17126885869299,-0.035402303024590374,0.43012072620287045,-2.3399230221298493,1.7225958141107804,0,0.8999860272663025,0.6969642470062066,1.2518281375026759,1.1552297170230834,1,0.1887488463376984
822,31.92378722757428,0,0.7269345750363732,-0.8310401340004008,-1.3890243685437076,1.6916449596594565,2.0525619510287556,1.3693471105370434,0.8236413476224056,-0.6964308194526324,0.9688064411749133,0,2.816479279268299,2.4605097368305318,0.8669884374175024,1.5344008615798503,1,0.2306850321143954
823,46.85925625757725,0,0.08196617969550951,-0.36741897462950646,-2.639568056012392,-0.6508842564718861,0.43512295389139277,1.5667255656488965,0.7149662223874684,1.5863502292331435,1.5151241693903894,1,0.38552285425448723,2.1764140982475135,3.8734239777066577,2.078567977600692,0,2.8639096893372384
824,51.13755972879837,0,1.2273716413780353,0.5752725948181923,-0.19981036813449848,2.0795732983792976,-0.7734928486456334,1.5551011693710923,-0.6940394478965647,0.798712799083241,2.198514850030149,1,3.2832480721783086,-0.05878205504390688,1.6235526393743271,2.804054635945979,0,0.3983600813994834
825,51.03568037323328,1,-0.27881263372055526,0.43935084060039076,-0.32269746873526445,1.4452969941210072,0.8130673846158423,-1.3759196384705321,1.1407215238114132,-0.9832133369718116,0.8063807978962305,1,3.108087437179984,1.463487322210454,-0.32796143728881444,2.545158537423665,1,3.7979456656238657
826,38.210630459665744,0,0.14025560234680312,-0.7281521811956139,1.5262281973788268,-0.6680535828685293,-0.27920536615071473,1.0082124505749215,1.1185877736222847,0.08581198045446496,-0.07327442749984225,0,-1.1846637716105608,-0.9231239465327132,0.4884979363616767,-1.2335355039908826,1,1.397526311188724
827,38.178471086729395,0,0.2702561703607004,-0.8885296256035006,-1.4280469615114237,-0.5812009480174676,1.4728475510624501,-0.404086797132314,2.319717739992064,0.5367514323328237,1.6550746103702774,0,-0.0871527670926096,-0.8774951923265601,-0.6499185242144735,0.4515589544183702,0,0.33413598179880744
828,60.89165382458384,0,1.1325252625551097,-0.0671057029336976,0.5952412330461065,0.3620104383310894,-1.4978929750460501,-1.220724647744149,0.5077826969425648,-0.42233834555521366,3.9032836429191695,1,0.40151447331581347,-0.06982287261818998,0.06198625610110886,2.615300216691418,0,-0.926457212682793
829,37.75470907183709,0,-0.0041035069687258546,-0.6928405537119304,0.18807599327006075,0.7631431098345905,1.670271846171049,-0.15205989573506087,0.5050738351554441,0.2289805678955686,0.11923680042646945,0,0.9701874889476259,2.2306355246751166,0.3548176719887335,0.9792796188096471,0,0.3904884871854743
830,60.08650956308436,1,-1.0366038826469541,-0.1309018654077442,1.0690372665322274,-0.9707064582253291,0.6867713841875482,-1.3244697510750645,0.7715150408997278,-1.6185165631324323,1.0283034219739453,1,0.415243190832818,0.6167115431422485,-3.099146234886851,0.4627447345845585,0,0.19011633134958283
831,45.17634684891509,0,-1.6956217987868467,-0.8616496250627671,-0.4251960483894341,-1.2243754672109217,-0.9097755969620034,-0.22549973270095722,-1.9961645884862358,-2.079500581258648,1.789753858924322,0,-1.3715306050979035,0.17218231506555837,0.03584257839432134,-1.377752550154137,1,0.4391822832219633
832,60.797963503009356,1,1.0340098559800537,0.41580397333386077,0.6053376895190268,-1.7350982277646296,-1.1666028629557328,0.7293755182193673,0.4800841775380006,-0.24855669233782346,2.394604553459178,1,-0.7236696124549786,-0.948242243799524,2.960730584688173,2.0869890662681736,1,4.218216752128524
833,45.78921494594986,1,0.6402745098468943,-1.4131277490747862,-0.9880483294619753,1.529335395811804,0.9627104474353839,-0.4687365735636279,0.3653759341213393,0.4848106533629548,2.857326045911942,1,2.619237564978231,1.9354902423730045,-1.7419423189602443,0.8972214698575511,0,2.468883771236584
834,38.33528679383695,0,1.6619475270132997,-0.21351884587610712,0.4492765051230532,-0.020210667238493595,-0.4828736017408769,0.3275843513456437,-0.48742448831362567,-0.9025804836927246,2.7633543161048495,1,0.8436935258676941,0.1755474425744376,2.030330493875587,1.9659771400650121,1,2.3630766823778275
835,58.56554856393462,1,0.09246646266124099,0.29143061762653,0.14275184925284237,-1.7654773485423465,-1.1664008801102221,1.3469791682399164,-0.26206014976296316,-0.6175979280244875,2.242649990923278,1,-0.5882461914117745,-0.19130671731024307,1.8673828915955468,0.7889894812542859,0,0.5381613844843536
836,49.82608777769803,0,0.08659775617997661,0.29282013180491046,-0.4924334708122,-0.27969466908979307,0.18069806241244948,0.35449751647179856,-1.5883959135386578,1.0384874952221652,0.7578435017887366,1,0.47114331899690853,0.3701495043770365,-0.3378481479684795,2.2056826315031617,0,1.85037448759718
837,64.48576585324452,0,0.17936649093014653,2.4178322581645255,1.1421965092480986,0.8181507729911002,0.5300189278937473,1.846091073095568,-2.0413181084201297,-0.9768746402470312,2.031002783385184,1,0.407937534799963,0.5912599025841103,2.4006304625229262,1.0654300158682086,1,3.437387726218324
838,58.92200085137838,1,-0.5360381765489386,-0.22936071914771522,0.13551064443636515,0.4027093980587704,0.5111383743701264,0.4034736969106556,-0.13694702587312496,0.9099134340395696,0.9102955329341829,0,-0.15276722495409223,-0.0734380906462766,1.7272099434508,0.6613700817944577,0,-1.186004932516921
839,47.705733710562036,1,-0.703797519459388,0.14414637926736323,0.7029082211737702,1.893465003103487,-1.1625929766274343,-1.2730237364022556,1.504010922428376,1.1237516603417057,0.4840548372549389,1,2.0992229464317402,-1.5190804481295066,-0.887384385268235,2.3282583580493226,1,4.787939595745778
840,45.503323983370265,0,0.4383964047972862,-0.09306696379241686,1.5598035434943671,0.20277584140464203,-0.622806410444138,-0.6067125938870142,-0.9963804255300336,-0.23653762725238722,1.8038668207002244,1,0.7985419596603299,0.22856729171486662,1.6187457063547468,0.8274579865039333,1,1.1101126964661632
841,50.23372343287249,0,1.1808441735718458,1.9052015556957185,1.317651769368496,-0.2982235123924085,0.1152408504660698,-0.033317996979113494,0.9522216310705405,-0.2788291806299926,2.1231460478541577,0,1.3410997222477925,-0.02686162620107957,0.8799664001931751,-0.8580385049060371,1,1.8103837945484205
842,51.902100178591894,1,0.60380835807897,1.0073538727733313,1.0753919522836703,0.29179058347524184,-1.1502780943688926,0.24663686195934198,-0.1856623890397666,-1.3949150239474934,0.6282520101203262,1,0.13004671254932015,-0.36389258570107524,-1.8895530996941035,1.5442289655021373,1,4.123351872834453
843,41.18251473268191,1,-0.4809985247585037,1.931466346252737,-0.20387692234416097,1.5251998038921553,-0.21520822458150668,0.9759121811907195,0.03440736713725685,0.6237430503621968,3.324463940337905,0,1.5473675834700813,-1.5386412045694806,2.4558794718908,2.4573358069205447,1,0.658875862207633
844,58.41939573024577,1,0.4246485750677678,-0.5754119903273227,0.34939731789389056,0.6590448351244069,-0.005668090066144653,-1.012567461503014,0.7687787409984067,-0.6462791011070679,1.839260604508143,1,0.17196671579734513,0.7448435949529024,0.32855538704121734,1.5631312980617906,1,2.2801946408592393
845,46.026365081896024,0,0.17646383041871241,0.16538960497331773,0.5543644419342864,-0.12604548731855647,0.00814872193285691,-0.2577350502750464,-0.33221086604981137,-0.6139772636093739,0.9469951164448029,1,-0.23307759864465827,0.5542775702960425,-0.6932175768854065,-0.2529854082490188,1,1.854879655412295
846,45.76972254846687,0,-0.5633522837287307,0.05124002149459683,0.8531768803688977,-1.0517385559334298,-1.955034392324044,0.3377369722211926,-0.20976598298121982,-1.493012807843884,0.29149860675707007,0,0.06523300243118069,-1.7766562068663412,2.147699994153786,0.393813279192957,0,-0.4789264279532041
847,44.59311662627497,1,-1.2225089287340039,-1.1515639574038279,0.5790867357624171,-0.14883298548566176,-0.47310730532868206,0.33806410025824774,-1.0065899274248602,1.2125210354870635,1.7248460486896118,1,-0.14946167496295149,0.9244329882963762,0.14795455467114071,-1.7816958061794061,0,1.4483393177873853
848,52.31017267343371,0,-0.8306087875861492,0.343912908286274,-0.5503254337112035,-1.3061944552208542,-0.7308055688260409,1.8392908086858888,0.8666034434856806,0.49647468659466737,1.3629074800767793,0,-1.3025234875094411,-0.8473815434439365,2.3704461439571007,1.515897079734989,0,-1.4712209168543504
849,43.07947398279145,0,1.195481805972572,-0.9884026530003664,-0.2392556715609835,0.41964125200659874,-0.6886779708624203,-1.735843692349376,0.371847650017493,-0.18275411235092032,3.9146877184096995,0,2.174950566005506,-0.947688566315224,-1.4393139046218848,3.143791335787409,1,1.104100035154203
850,51.349701099902944,0,0.2536184377034516,1.0539363940671456,-0.1950121106891925,0.4101965539191197,1.432168772492874,0.6190909160009876,1.640483659828278,0.3577814159735867,2.4496877250356435,1,-0.6203429355941186,1.82151074227981,-0.3906650460325064,1.0713096461985572,0,1.322392180418395
851,77.6660307110187,0,-0.6091232794091517,-0.20909415678311435,-0.3750737266608033,-0.9911805943569869,0.4655615977232703,0.301578208278593,-0.3638071275396418,-0.6686213228968549,-0.05488474756619732,0,-0.11694726334654693,1.1882507718574873,-0.9154517886100209,0.5412658256584578,1,0.525529074311907
852,49.46390539928658,0,0.07656552397327501,-1.5207682149838735,0.769089634784946,-0.7951181613047498,-0.519187501684114,0.291636890677045,1.1702076453393384,0.9363981502764648,2.1856713014472855,1,0.0007479456762123915,-0.8073034589520316,-0.44141112320165565,1.2889178241244919,1,1.9428937904032941
853,45.659952617013516,1,0.6108484515486529,-0.5597372423151535,-1.7787826080356668,0.8330160434695101,1.354107620188648,1.5987849296675885,-0.7137533763088356,-0.21091914241262957,-0.0832391566871864,0,1.8557754142486047,0.9647950567244027,-0.001138985978524909,2.2362318635129683,1,0.2851159303892923
854,33.32310771852099,1,-0.5401467818003458,0.047011006041319366,-0.6121254456097568,-0.04252685343961143,1.455286609483508,-0.6096853856051335,2.0755815695030586,-0.3263478963863828,-0.4369762203348646,0,-0.4910035126915834,2.2100382890794292,-1.3310444827367691,0.739406161110078,0,1.35542163951877
855,50.502219247640696,1,-0.7650150070807687,1.7461203450092941,-0.30771871525424715,0.5444743594061531,-0.16595229306838918,-1.3777954977799352,-0.11635069891633376,-0.7556661719614299,0.16138476493943188,1,-0.5716276179763848,0.7594612359822864,-1.7353294217709285,-0.1494762815829434,0,0.18196138636740056
856,38.907690567503934,1,-1.7764015233277912,0.8675538865015116,1.2608336147570227,-0.5935817731219613,-0.7706558581016417,-1.5216858642775062,-0.0820875706694585,0.681551807035674,0.9627256931217163,0,1.08195141615522,-0.6859942903893472,-2.717543493030094,0.049401577943412045,0,0.19219354401018868
857,46.24441881028427,0,1.0885490415587082,0.09265442106918824,-0.9829428423141718,-0.8007173365841942,0.5440456620832457,-0.5429283794830784,0.3626158075300039,0.8386305459575651,2.4065837199804756,1,-2.564837264045045,-0.9919674703857306,-2.0929257410468316,-0.1311278531626871,0,1.3367180977157698
858,51.51607593647143,0,0.5879224609068647,0.8761307885204279,0.521074863936526,-0.2969122076972026,-1.4483349651895652,0.2826086498951979,1.9344648224307783,-0.8786974647568757,0.43081171244622474,1,-0.22510642771690031,-1.5569971896250236,1.9334838061260562,-0.46070010752220425,1,2.6884177727578553
859,32.69010550177848,0,0.6693890693838255,0.1718085995279643,0.11864398682872167,-1.1779693752194311,0.1583785982499163,0.04370135741897974,0.966612800044077,0.6654044853720298,0.9984775104031199,1,-1.453791145534781,0.4797695297107177,0.43249618961727143,0.3664403403741372,0,0.9622127650768912
860,51.57462752398459,1,0.5619206231441555,-0.889852085607553,-0.6586110560005461,-0.576543765766884,-0.3985343500009191,1.6608853938815895,1.3439724684966599,0.03253718004150391,3.189346503468583,1,0.1501247418769281,-0.3382179228506643,2.9787448502805156,0.9096575692629412,1,3.7619244135418635
861,53.045151754260445,0,-2.027591566800901,0.41303333663068964,2.0757133146114772,0.9495002703889006,-1.7391754820053318,-1.2503924142710257,0.9826822584614922,-1.6136548563406348,0.8716778479488458,1,-0.5557610003690647,-2.767507978132354,-0.6062078448088637,-0.1481413671894188,1,3.072123149334185
862,37.028999803333484,1,0.10960812680044303,0.8603122449471805,0.712729430663577,-0.6367714081473268,1.354293231119754,0.05705898143654386,0.8665224126615844,1.77381658204211,0.37837012389138747,0,-1.8883936861962998,0.5444118843669906,-0.01602386391694683,-2.467074172399637,0,0.9326088073962161
863,46.076908078709124,0,0.4499680776104737,3.050754934723057,-0.4981331609762197,1.5718239491038044,-1.0531353541489843,-0.898084679884988,0.1699541173021186,0.3442810298991252,1.0645809334967242,1,0.5222902947796968,-1.8726364454214068,-0.25383436627541445,1.0207835919936543,1,2.6191558761769205
864,31.693336378221954,0,0.07073267535659693,0.2965516118219931,1.180842801240094,0.947236328202389,-2.344201741012441,-0.804424868475376,-0.6380311039184359,-0.6164207548659202,1.4551893440386094,1,1.5204480486379832,-0.835369879365067,-0.3368813757280079,2.2105543012341347,1,2.627274588941706
865,65.75500935842405,0,-2.3513286071110295,-0.4818428068723259,0.04129382651569771,0.8885377450411603,-0.2725727727469243,0.5100223339116414,1.403628219265967,-1.7305367372945484,1.0709592020195595,0,-0.7071893726006951,0.6275245994222909,1.982105911043022,0.6337884134317566,1,1.3654048587560963
866,53.30563276548845,0,-0.12480641571603167,0.9307865165274098,-1.1844275785761318,0.34387928381518534,-1.5262262041914392,0.9670588310179935,0.7660809429715135,-0.6126566819672424,2.806831471231872,0,-1.3781500312744424,-0.9484734631126582,1.4004234852577477,0.4034134097995403,1,-0.8574632029314477
867,48.20411499020898,0,-0.2572864588748798,0.6898466626180649,-2.9603221104782085,-0.7113162882417731,1.6470133928155943,-0.044927255343006414,-0.16117542564837686,-0.05830796914008202,1.547045534522309,1,0.7104027313783479,2.376636707500889,-0.47916428373571546,1.278338930686247,0,1.4712159896288681
868,48.36564169343838,0,1.0375086353506053,1.5812662673867979,0.6521314240980599,-1.0929982017264148,-0.6475570064420632,-0.7613405338242503,-0.8767323236238587,-0.1565507495632323,1.0592376351055406,1,-0.0361544496515791,-0.8607129500649573,-1.7323781084653729,0.8021610239936476,1,3.650354554913317
869,61.314436080657686,1,-0.10393075991216191,0.7503671284052955,0.41432220825481053,-1.140145410125294,2.121601890126592,-1.1282596995982028,-1.8392424209630598,0.534179164751281,2.8400798576956277,0,-0.6250563816654195,-0.12076988064870209,-0.9823302241145593,0.7223185559184877,1,2.50119137601118
870,49.05834448079389,0,-0.5201820557431327,-1.7094677802048346,-0.8794334614162675,0.20384915221955416,-1.9034286577257034,-0.29036016228016276,-1.0536845422280754,-0.13422755776193895,2.0093093588051287,1,-1.9656682042882407,-1.3510760534449477,1.6615166060331794,-0.12869137246539175,0,1.1856066558892415
871,53.30816771275753,1,-0.520768035793778,-0.060824995984473024,-1.4857280803631063,2.4012614124073375,2.197164713876886,-0.18649021383368672,-0.9152354782524288,-1.3191637184835066,3.2867142239243234,0,0.6017847607397617,2.5998256525418353,-1.5105371579365,2.108510051908356,0,-0.14226912652067303
872,65.18629560365495,1,0.7228468113859593,1.2885744403287442,-0.7457601568041047,0.47503223762071534,-0.23613887451688367,0.810140092499833,0.05296001407019461,-0.19486271188612186,3.3820106164474266,1,-0.4879464570178551,-0.5864756382411497,-0.5386486247027805,-0.431686288023454,0,0.9838490742929275
873,46.538328519978016,1,0.6725057161998321,1.7097917584630795,-0.5160654807877422,1.5019815448907663,-0.43980820743635174,-1.276903563406811,-1.2929127968960443,0.09378804102338609,1.618277893411899,0,0.09904450191506231,-2.79973721836206,-2.1481622422898417,1.717627859298287,0,0.5616403358874313
874,39.07364675493268,1,-0.21397279340619518,-0.8313339137580706,0.46000256357845054,-0.1497705295201709,-0.1907893730078261,1.867454674119352,-0.9722462378189937,1.0013786757679435,1.9076531195381057,0,0.24314792102147803,-1.3344272069634195,2.406736591931958,2.4068220552565163,0,0.9531827120930246
875,41.75499425246379,1,-0.3988833192954064,-0.2160241689343224,0.27785001948310356,-0.5784318375814617,0.8015402084513249,2.8357204489470362,0.11686601235976338,0.02969952957119662,0.15460012375448562,1,-0.7856493216403939,-0.40122868059923444,3.594033548830224,1.0422895885003167,1,3.595575628241803
876,64.28663834439298,0,-2.3019652000071864,0.6551686671684903,-0.4109601983141785,0.7979648385487166,-0.9299707720443859,0.1755776232685219,0.7042608109668106,-0.6507647364524192,0.5778506256988198,0,1.1563092120869327,-0.45965577978275146,0.3274373909488454,-2.3830305832915357,1,0.8619894025202981
877,50.91428308514057,0,-2.041648909124674,-0.4089103812367254,-1.74358575763919,-0.4927396497549544,0.8026547318750501,0.21851462759561255,-2.1043764372992246,-0.03700629971906545,1.3606621771082632,0,-1.2485308868132947,3.310363843941997,0.9884596608411476,-0.5243229086771959,1,0.6452709716062484
878,44.97668711730326,1,-0.8354500367697351,-0.2572695558712832,-1.232601205335006,-0.2907795757332394,-0.6981484968752456,0.23662155853739075,-0.7501190629911165,-1.2517833570334898,0.7026049821237332,1,-2.3451575811457213,-2.336879205065016,1.1346261739073809,-3.1664160871622773,0,2.058500419216205
879,59.73644379799159,1,-0.1438785463298867,0.9101686211047159,1.5956159998104524,0.0973135314209713,-0.6882464148598038,0.582086876977542,-0.9203033689397428,-0.03383773146838579,1.4844908900850176,1,-1.083663818540475,-1.1035019225814442,1.478262170581552,1.168282641026135,1,1.4258803157647324
880,59.97957385677161,1,-0.7909622362057771,1.0141309534268013,-0.4445505809568079,-1.0743642346190905,-0.2972817236169402,-0.8607665861945065,-0.01889402376457077,0.0282643020920002,0.8560881414368429,0,-0.8728469086378527,-0.88794485146022,-0.9650518366731835,1.4777110634439528,0,-0.6623249275441218
881,45.24352232093561,0,-1.5141358478842608,1.1421191028202309,1.2405096678172187,0.2554478836998034,0.6830439470991555,0.16029894530704622,1.3286028688717535,0.9499364053688107,0.07568113312050706,0,1.6592578516816507,0.8219114410623194,1.3081945985496635,-0.598509355995454,1,1.2914091047964174
882,40.280631629145496,0,-0.03683066905868326,0.5047788915200341,0.9072743767515026,-0.138840749634282,-0.958417862223385,-0.15002197566962786,-0.13470671459784264,1.7956685034356514,1.954880601627122,1,0.7426195719379972,0.13187527217004025,0.6567255741226512,1.2617290781729373,1,3.04392392752043
883,34.2947139893879,1,-0.021804189852989847,-1.0093370733256384,-1.655287675421182,-1.3030654933769206,1.8917005110720453,-0.4246591953835325,-1.225175770614922,0.431100183300013,0.09072622273814923,1,-1.4251277317895739,2.5181665388018315,1.3087603136977668,0.4942634563855619,0,0.903475910317213
884,32.06111079073763,1,1.3092334897452922,-0.13717057961254536,0.7744594836365959,0.04389993319239529,-0.5849625396952847,0.993339907212061,-0.08880475104131025,0.14901202647290215,0.528720485819304,1,0.6166544919149324,-0.8601314038079118,-1.939777085192423,-0.6859557393634709,1,1.693305862484852
885,47.35013548154003,1,-0.35871731060260004,-0.9852846615274187,-1.0438336547468403,0.7139222440843536,2.1776261703805395,-0.8026864152338598,-0.6672731297268605,0.11806136284268309,0.2754673825613986,1,1.1075117166742399,2.3070274751396473,-0.6052291516699843,-1.461121776367825,1,2.250686667614349
886,41.06804052963207,0,-0.23466349182479998,-0.5080335287764192,-0.9355813875071416,-0.8082197848350207,-0.937509772901822,0.9576154106436326,1.510636265633319,0.09864983008767704,2.50183842670594,0,-0.7497066708632973,-0.9556435479151814,0.29796465519575377,-0.07665726210716023,0,-1.4239351765089585
887,68.58474409806186,0,-0.7170842594599725,0.5752253202281924,0.7957055992757679,2.3125068044699706,2.338744783487664,0.41213343136239133,-0.3416804233573377,-0.5577723659553663,1.2681475142353489,0,1.5578803626318098,1.7649342315607859,-0.7738453761417398,-0.11876477722923084,0,-0.29034799899679997
888,50.58537754695024,1,2.6038556784393108,0.1658850875049767,-0.5381618058793796,-1.2681428070199556,1.043991837395918,1.0344836282557655,0.3019313399371065,0.5349263191465238,3.1937133128317394,1,-1.3068292435730084,0.3640813076398033,0.4386779885329297,-0.2855502668054245,1,1.5790543473792238
889,30.578504567488398,1,0.6447293214888808,2.2100382029022114,-1.5459949080489477,-0.8706618175430678,1.6497734102919226,-0.10543423908576476,-1.3341435729325808,-0.11686587603059596,2.1644960053622175,0,-1.299303796518699,0.9190634412173013,0.0421957684899006,-1.4742244621065737,1,0.4032524062308172
890,64.18729275510063,0,-0.8283529636790821,0.2635736942600158,-1.158970220256706,0.5860682432859474,-1.3679810000337442,-0.42081699102666886,-1.624542272979123,-0.4444719095887205,1.1464274354418094,0,0.3327737797947567,-1.842869770103913,-0.5108431056377337,-0.008715072878401342,0,0.0619751004989281
891,51.61710309417596,1,-1.969989866140369,0.4090722304004329,-0.403708655083434,0.06164564707900076,-0.8929761913483086,-0.06210144048949448,-1.873657694450128,0.6391679845427092,2.045033216404226,0,-1.434719136839411,-1.069789858953745,-1.9625234620064078,-1.7726014051368968,0,0.3995946849665074
892,57.049794803731054,1,-1.2888258522547205,-0.027584597014016658,0.6674692735887934,-0.9649023279056552,-0.980917409899065,0.976653999781913,-0.13818106217812245,-0.767552547008817,0.4937135798954988,0,-1.0530135054838106,-0.7139046086487816,0.39900285138251257,1.535973689506258,1,0.38132608755058034
893,56.8203477683341,1,-0.9192312907888351,0.7712822189047751,-1.4908280417830369,0.7107211818859847,-0.05450596914450141,1.46265466654491,-1.0798008660395646,0.5772151932035836,1.6496701900861188,0,-0.27297731177870377,1.738577270224649,1.6493302819539384,-0.6589217480214098,1,-0.9520456323401765
894,52.965565672865395,0,-1.361811161963595,1.6663188014929666,0.03451172405078706,-1.161990590708673,0.7060284410069989,0.8559626814666772,1.8370409113938515,-1.0920493024956528,2.069744878617871,1,-1.781210247304052,2.651168330269804,1.6846727745365504,-0.44028327968207326,1,4.376110237594855
895,55.233426304345436,1,-0.1186981901568568,0.1697052759360759,1.6372941305201325,0.756526834615458,1.0071006628468209,-2.0980406415911865,-0.5361534130636064,-1.0220004267306593,3.8321531588780924,1,0.4986364203787737,0.7799713813167174,-1.4855924671642384,1.6409223870408136,1,2.922973806938357
896,52.387606717297054,0,-1.016887816814955,1.524133445140112,-1.325917017641397,1.2264296725887083,0.4959584573390871,1.1194044875975464,0.4407654437497534,-0.8740296831378614,1.7992817466799926,0,2.7424073587915525,-0.26191086411443126,1.4497869139257271,0.8281881359103271,1,0.44195892590169544
897,38.93614094034563,1,-1.6050069811054286,-0.0982305277715194,-0.5295531336869833,0.6510294184939767,0.6158741815870897,0.036167604502843724,-0.47060236608902273,-0.9968986483986102,0.9189730876801608,1,3.0237341841964342,0.468534411285012,0.7340264901879328,2.223406622829,1,3.0291687117727095
898,53.66732198142474,0,0.6375837157616531,1.0767925657914668,-0.4831683013189289,0.19311463346399313,1.4321339136972495,0.036771503394089564,0.45706513766414786,0.2757664064185434,1.310308115213131,1,1.287754839644385,0.7314494106737162,0.17304036272802276,0.42916360348375204,0,-0.11765890829782988
899,60.239055049925405,0,-1.5410553252187438,-0.07867599973211453,-0.9566750104366198,-0.6553896234370846,0.004434400984539597,-2.4159587947335686,-0.21216664550353376,0.9703001417328101,1.972180851367538,1,0.15570012858730214,1.3737201820277816,-0.9792036427616337,1.8249693156674045,1,1.9474244265618823
900,47.89943587354182,1,-2.5533033126211384,-0.10310574677687236,0.8122589890703329,-0.9378540010220087,-0.43088632646411745,-0.698281471524012,-1.24598559356728,-0.5644516930917516,0.060344855134111586,0,-0.3417571418417509,-0.4397796753964577,-0.43106751488180517,-0.9281483013927729,0,1.3300511058928517
901,55.513022180697554,0,0.9370293528150879,-2.022289571446341,-0.11183763820204372,0.754250156535905,0.6427590428839676,0.6776592817605933,-0.8730151384232581,0.6252037607587764,2.008459183670831,0,1.5704040198587172,-0.11199434224499949,0.21621989565987937,0.48303961987061605,1,1.2677984918024718
902,54.19589145198062,0,1.7904081846139248,-1.80088871393394,-0.08987017103181047,0.7702315722756339,0.5059445035115216,-1.0940731963747272,-0.09562833843420283,-3.1142633086980056,1.6197644101714654,1,0.9931897541972211,-0.24787536888661577,0.414070510230348,3.6844377961501418,1,1.9349847228235824
903,68.15652063919107,0,0.040340372583330605,-0.12115340640657478,1.4746734742937964,-0.5781774532413221,-1.3873370573877133,-2.5530859243005337,-1.1611476980650548,-1.6919336878149,2.1843833300602085,1,0.550939089218798,0.5249258823903606,-2.9657437885476923,1.9642089235118516,0,1.4147262081364622
904,47.472496993002395,0,0.6864759200326856,0.7534894714182002,0.27409482108704314,0.2003956152395345,0.16739605860732634,-0.08508748059771203,-0.5124958662133177,-0.33002508831300176,2.03522427743886,1,1.8222801889684592,2.474599315834904,0.6600504462379103,1.8395172303846514,1,2.1011015325215854
905,47.07995837229759,0,0.6713841517042706,-0.04280592182454845,-0.07364381744980245,2.049064053831242,2.5411565377985035,-1.0525449485170808,0.8338195007214203,-0.19094997218592183,1.8724844076511835,1,2.1145566824750173,3.4963448622907034,-0.9826387661769425,0.8842730466707606,1,1.724487147238602
906,48.830682598532505,1,2.35523554140343,-0.8437990142811792,-0.06976102330652316,-0.39664655180643715,0.06091551465642421,0.5158028966091578,-0.39036811678359634,1.7545890769891812,0.8553358196327026,1,0.7937552185580616,-1.05553774106777,-0.22173983607491488,-0.7366707244579217,1,3.282005190722342
907,48.9760892489631,0,-0.9903049467564798,-0.9597276783011759,-0.783682616331381,0.430802642142734,1.0503776000090252,0.9335714279166009,0.07013694211333196,0.35693820800842796,0.10215268128497768,0,1.6078262115299278,0.43132212723786734,-0.4998820123855975,1.8520528376613068,0,-0.10446823317855214
908,27.27382289045698,1,-0.45410576565382627,0.7528137769991214,1.2091421966770552,0.38060928052889537,-0.1934650429282668,0.13046966361349754,-0.24029691653185795,0.9831539922106177,1.0362488065257134,1,2.0588524985998022,0.4564455472191298,0.7819284087384504,0.7385210363358651,1,2.068555787869154
909,43.57390158533428,0,-0.4390643967558564,-1.0220311159667002,-0.45465236504291695,0.6745738926269557,1.650694722733669,-0.2629716494670155,-1.0806641727590711,0.5216534808188944,0.21073033919153195,1,2.491185243491033,1.8773536809116553,-0.7381289262501838,-0.5048067556855911,1,2.9519056583582506
910,52.99885066545773,0,0.05417323650818141,0.8354116347836182,0.024700580550870356,1.74850839770926,0.6243260275855043,-0.5961452177749341,-1.3598076147911116,1.1485786522467871,2.2772369000873436,0,2.5830652262666014,1.264753929022359,-0.6149034993919056,3.0817210964807464,0,-0.7823461654080782
911,49.91743485332147,1,-0.2072965323464338,0.6964516411293501,-2.0501100286713916,1.2520482816465135,-0.585586458843275,0.0853483031278357,0.8433744760998563,0.16840804054965924,-0.8160411458734917,0,0.4629687050597313,-1.1812757564639071,0.4193159446865258,-0.21233292953797187,0,-1.039293506838854
912,42.00660845802867,1,-0.08225517570292921,1.4977485865330407,0.6397611679999051,-0.8426299946455987,0.9924705007195709,-0.7662962932205779,0.9866593156395066,-0.5564467376430379,2.7593440447003377,0,-1.0543800859942745,1.038967316717895,-0.6938590952740041,-0.7945434269974504,1,1.3815486651691762
913,43.35220747824619,1,0.1426915902933518,2.4612947849134,1.4207864481478194,0.22382569353130097,1.875248684392823,0.14726646136780325,-1.2366404198939815,0.04497262227909866,1.5333848564462387,0,1.7531535051858678,2.2382169446496203,-1.7557076512008025,0.7974483156448897,1,2.5874606201639354
914,46.44386871703041,0,1.9780043811837977,-0.25113243159354337,1.2466307765109803,-2.19257149434128,0.6255296388875613,1.0458709230669911,0.8780840136117939,-0.18950810149362532,3.489735290141774,1,-3.6526646287832674,-0.737817020593365,1.387299640562824,-1.8610538434951276,0,0.8995995332704955
915,41.984282191975794,0,0.27403194483813775,-0.11429504949254253,-1.0437934485460816,-0.357595678275797,0.09781149202419241,-0.18635727584311337,0.07372811885843043,-0.2910589505425584,2.765075438761688,0,-0.3860767980961594,0.520439744521885,0.04237425793396543,0.3388587666189355,0,0.3709338274936268
916,44.869493895565995,0,0.8294156110922379,1.4454969196914993,0.5984839863724138,-1.9149687568804445,0.7123328949626246,0.1882554188681363,0.4734040921967962,-0.014774898380303832,2.3983171378516834,1,-0.8147039567533466,2.0884337661785066,0.13799970496755348,0.7868358332473873,1,0.6720300402834964
917,44.60609880521466,1,0.6679063960123212,-0.04575934842792617,0.05162858035696138,-1.3620273413885269,0.30364590192244684,0.4838738387635837,2.031251715440485,1.0605509228238683,-1.2736337370495925,1,-0.9979186166497301,1.3109265736969595,0.8627310097047755,-2.6218970312895484,0,1.092141995227082
918,58.95370846607177,0,0.35644473214724803,-1.5618663118736906,-0.6198403796162315,0.3178739762711845,0.8926504185888863,-0.5448201465933514,-2.071729856170208,1.641779296255768,2.7024068027009958,1,-0.7572559878551672,1.2691515431796325,-0.896357413909193,0.9690983665934907,1,1.8627299074338928
919,60.163912685410764,0,-0.26637565192875245,-0.767819335533195,0.5245232533542624,2.2030884998351516,-0.31848078018625536,0.054834687367035694,-0.466239004980148,1.4288863763095236,1.6836284554689254,1,1.8431877312607825,-1.0472757824532934,0.1750376929222647,2.5176015908045564,0,0.5093736141178052
920,59.335850943946724,0,0.8047531789135072,0.3872232361178979,0.6660869687660294,0.47748130092281393,-0.9563363232276436,-0.7112966693836476,0.2994865770400949,2.253897888845737,2.3326508275261526,0,1.7609721312988142,-1.117904280417103,0.4780800880561764,1.1234975895152428,1,-0.590647695797573
921,54.26701799175218,1,-1.7506399118514364,-1.2129175448515261,0.44814260875274553,1.7674926109227849,1.1036683531874327,-0.8666514549458444,0.8510785427823813,0.15133614863305547,1.097933097992796,1,3.4002696118818907,-0.32967016920631,-0.19519707616020854,2.620427500704256,1,3.0388021179785145
922,42.91677515586452,0,1.5398905751052692,2.018713959588159,0.4943823764475601,-2.2057394033288156,2.24399400932068,0.6558575334127036,-1.0850541209686184,0.22181722453961006,0.35291794811285127,1,-3.6794052415043184,3.25313394895685,0.3036164853317827,-1.3890479400194187,0,1.9754096868928928
923,59.598304499937306,0,0.6675318688198605,1.300920945323237,-0.09343623406618652,-1.178457088342434,0.4568545993746291,-1.1427704155122096,0.6575628780520529,0.6414720825037549,1.0870354196566745,0,-1.4232560192559918,2.190921658500111,-2.1692564246111563,0.6921597696282853,0,0.49739607746312836
924,46.8574941348057,0,0.10045810704515155,-0.9306520330323701,1.650653419845844,-0.8010161733689584,0.04891705370055922,-0.026356038546693432,0.16344933073491355,-0.7654957611444856,-1.5238288042070949,1,-2.0766815677034227,-0.9313432488297142,-0.15214858255378516,-2.6861616871193035,1,2.921517044798292
925,50.2305220825947,0,-0.012609534457079038,-0.8513132724391551,-0.8450041272457349,-0.7305789556637221,2.9220483869928855,-0.29256098767708255,1.504734487088587,-1.4049748234128672,1.475370668935018,1,-0.40315009011145186,2.5511456849218535,-0.9033120086880004,0.6474125178405473,0,0.9800395743134581
926,63.38220531930588,0,0.21990670068412085,0.13658422468019737,0.39583903044377955,0.9844172821485264,1.134409228766492,-0.8190472827982167,-0.5567318423046824,-0.8664053768632877,3.703901561242668,1,0.1843571799364805,1.0717197560386817,-0.35484681429414705,2.747048106639491,1,2.7069785126404766
927,50.839928561316405,0,0.8136230019713435,-0.4242544234273908,-1.34209180919881,-1.055938394431879,1.0374187686745024,0.3481710876896944,0.688279280620888,-1.6849579810937811,1.3426740557187031,1,-0.7510423887769176,2.8570606580099405,-0.18172389650843868,-0.9758232717256173,1,3.333578806897522
928,52.472840302376184,0,0.46294959711648187,-0.10272104096908569,-0.10239555555522016,-0.9386827159303761,0.32681150139339193,-1.5176526357670643,-0.024186078738321223,0.22146654406571167,2.275467769389576,0,-1.871215630323819,0.7161498539831856,-1.6654865733572837,-2.3765493835920433,1,0.9547889344173239
929,35.872205140034104,1,1.3653683448320082,0.680641512972457,0.25437683900592656,-0.7011837045063827,-0.498777834321343,-1.1142851847512465,-0.8643830317599724,-0.47754576673345445,2.661408856969052,1,0.36047627253383463,1.1354220087913034,-2.2956544518780886,0.1748551260951534,0,0.17720101851815673
930,54.87009293766853,1,1.7149810236646972,-0.1954167980759943,0.1739469931937047,-2.2460027329875234,-0.3637954370318649,-0.9181477553829744,-0.6803090945334321,0.6459315438036465,1.1453754848930213,0,-2.856345386195798,-0.6024398485590237,-2.0333619772380267,1.0266127687488962,0,-0.5581908434968564
931,40.19993352697519,0,1.093969867665633,1.427281637272738,0.6833800139348066,-0.44691719062852087,-0.19450839566438366,-1.243642327509305,-0.6836529228378172,1.2122242066273532,2.016693157974885,1,-1.0179873883017387,1.0527075526064837,-1.7954918584308102,0.05032487412805869,1,2.779764714046518
932,60.11939656367902,0,-1.491541060142215,0.8668436384806536,-0.7966737748968444,0.3998041453932744,-1.3971045950566496,-0.5984234682056228,-0.12108995213475242,-0.9614742326548785,1.855386123910848,1,-0.3839962433758384,-0.670396732575181,-0.6898327420845655,0.04704731829047354,0,0.7045131537351672
933,48.15400822827149,0,-0.5211979292156053,1.022122385475986,-0.8137846423427059,-0.2622824303760509,-0.21959962095309563,0.031804800161997396,0.1965944902602391,0.36804830982496645,1.1993757434425596,0,-1.6406542115221296,0.008124271142025352,-1.4260404363369008,-1.8460099644322325,0,0.9102137638872071
934,27.638311579828894,1,0.977237035944849,-1.1535087902184533,-1.2698923002192812,0.01751933275776536,0.15089806022929061,-0.04096162110742106,-0.5555449514354577,-0.1393714384436342,0.7076605955095282,0,-1.3709899614088294,-0.08130859381176828,-0.8711921940672339,-0.4075401718988602,0,-0.303278676819696
935,46.41979897436658,1,2.1303248660007967,-1.4326011746333362,-0.8328348686333187,0.1809968715268144,-0.2801657224015777,0.13460146900893827,0.8966671850755676,-0.3340352347160637,2.985521429386671,0,-0.8877957322143564,-0.8752968509097934,1.7875689625331215,0.747259314988098,0,0.7233418566200805
936,47.719654617140826,0,-0.5869135257917711,-0.018545182211462813,-0.6869827733911681,-0.5164734439038674,0.3125679940024542,-0.35770114180622975,-0.31050266299307916,-0.8341479202472741,0.1722613731862368,0,-0.7551395493032009,-0.8501339497870732,0.8390458823290519,-0.08676913371137335,0,1.362485566353149
937,54.85475226078092,0,0.6000525401720866,1.7908555813760734,-0.8516199034402809,-0.43226879748733843,-0.07681857698206732,0.0035113650059724983,1.2157203676272945,0.603193933932112,3.440274756753224,1,-1.5127080181224533,1.2544608298450084,1.1965256250570098,0.9145361215478358,0,-0.780421850766736
938,56.70512390647167,1,1.2279289994986615,1.215760888224329,-1.3758412624807381,-0.2413921329757051,0.16295970675712962,1.2937749526476277,0.22245263776521362,-0.3070900764643804,2.232627295437707,1,-0.838403380345264,-0.48878929937208515,0.9774307891801206,-0.3318084273841836,1,2.9066213651004604
939,46.72235755278812,0,0.10597300094231368,0.7448381910548936,0.32373677248641847,0.10667972372495627,-0.62118653502203,-1.884539365861064,0.14619883465873598,0.35203320146666844,3.4316815544362838,0,1.1472232513726857,-1.9385658330655007,-1.554321694378038,1.9855825954930402,1,0.1117646923786253
940,60.12868194853874,1,-1.2180659551955204,1.2465298665027482,-0.27832390760904957,-0.5303600809405632,-0.3165276626429282,0.26775370074808347,-0.406274715157855,0.13321929908622152,2.0568810861218516,0,0.6857993390571518,0.2864941537519784,1.2614770518941663,1.230401856413464,0,1.4390486803698121
941,18.329446713470936,0,1.9552649773995154,-1.1086420645641217,0.14926082526711326,-1.2187212027688799,-0.0036897670563075693,-0.2515343042404571,0.926682893311154,-0.3132272414552567,0.7155623424023799,0,-2.7437944736562,-0.1827858504763532,1.0827758643268646,0.05244326502712848,0,-0.2986124619927648
942,42.86011001974771,1,-0.8682007988022243,-1.4405725614824285,-0.3971103735806544,0.32558600105224456,-0.7404826684988014,-0.40240858959962755,-1.9017429094837437,1.625958231728039,1.5919175620654613,0,1.700996374327302,-3.248052885819418,0.22756490475809477,1.7954987880961601,0,-0.05074184167023032
943,38.87635729162813,0,-0.7400775841326328,1.3003361792124104,2.155846557541223,-1.6230284737275844,-0.09248760074008477,-0.858321646450146,0.5182395802998072,0.8360638658902984,0.37206060555873416,0,-1.445260880364247,0.7215950340286246,-0.6314532789908581,0.3799217573200784,0,-0.9572894172158418
944,37.458164894150784,0,0.2683730755095696,-0.6074226578866879,-1.9780000985906578,-0.7164409675611658,-0.6166908824258007,-2.0162439980606517,0.7330162833463585,-1.6296464403465305,0.571149620848716,1,0.09163830161079822,-1.2491459202198103,-4.252633396003204,1.4742326950960691,0,0.8246119662573856
945,59.59706371347511,0,0.055177823944244045,-0.8015510113032392,-0.5966682908379235,-0.47905048168826164,1.0863751345912052,-0.023755732918245887,0.8660971813818366,0.7205815666670364,1.441907397524867,0,1.4621381137083633,0.5886721759686172,-0.4686926035291682,2.395902223530591,1,-1.1698661624826046
946,58.29170399024849,1,-0.9173434284822864,0.6087950158195542,-1.521015863805084,-0.9635740480607976,-0.24371046281498876,-1.2533502965896983,0.18639834567276634,-1.234817256521296,1.577910719467568,1,-0.3453587287440491,0.9803744605722073,-2.724177795926668,-1.162557922875877,0,1.894843205572188
947,42.24229979589778,1,1.676287891168612,-0.2476146235970436,0.700604687637449,-0.8348129511932874,0.5121192121857692,0.6866046404082015,3.010970820524621,0.6127193551893648,0.3309425101844725,0,-3.315214251941568,-0.7179648822724838,1.4082968516572256,-0.003864149007021922,0,0.3077807912057179
948,61.7805700395996,1,0.5206679848840725,-0.1218978111108337,-0.6347579317900353,0.556793525312684,-0.5644519394945889,-0.842483039839527,0.16360985611507625,0.5729687867101887,2.677325140430202,1,0.5584244054437978,-0.7195179618209828,0.5890016239869873,0.8961137731457528,1,2.944628165040479
949,51.01466892452418,0,0.9054379339820372,0.34171592405726325,0.26665362087225813,1.7321506618858262,-0.21215140996775983,-0.6610620575790166,-1.9638873349203394,-0.3657701383883735,1.2850591178277035,1,2.4237950149594742,-0.9574638615566202,0.3699863611466442,1.0928079244091236,1,0.5072075376447949
950,45.783158992248474,0,-0.04320387815171042,0.17473180872783628,-1.2418497404705129,-1.5791719064668697,-0.09288043086710525,-0.4158539754713836,0.001009125132345695,0.06259818982263315,3.0168717551202313,1,-1.2105494839479187,2.241746392946474,-1.4159223038106057,0.9099761633865127,0,1.9718195332447728
951,43.07077203627563,1,-0.006796637550724943,-1.6266817088155345,0.029476900630659626,-0.43239808296199383,-1.2534007168308987,0.5324771377926795,0.20971351115235745,1.2650092490159093,3.026034742577881,0,-0.5286716059133165,-1.4154709438476816,-1.8561802836182864,-0.1907042434770082,0,-0.6134917659464112
952,42.217282735369075,1,1.3228451967455948,-0.46894291784766456,-0.15485797582709648,0.07960367888073563,-1.6516535898565103,0.709261598030571,-0.7933620270538398,0.08346928075829974,3.3715992032550757,1,-1.3444483277800234,-0.319083437589359,0.6226117441941901,0.46233308000113293,1,3.7993355391341717
953,54.727748574495344,0,-0.520165882064571,0.7244574126650826,-0.5476939031180441,0.09636032755459564,-1.3546029072081418,0.6325520661017091,1.6298085378108578,0.49740359466751566,2.611110370674984,1,1.7871950801658745,-0.006920487144036702,0.08323712020898366,1.4874823588900465,1,2.362119279663737
954,56.50154900967002,1,-0.35623737108818065,-0.686606739783387,3.037878471552919,-1.66196257436388,0.6862735985971122,-0.6140860992406344,-0.2714995211848009,1.6089056852889496,-0.4753480126548104,0,-2.5915801340853597,2.769933507068157,0.3604016849871037,-0.9617447975798952,0,0.31695211156813385
955,52.38501212187909,1,0.4662369310922188,-0.32193313016012426,0.28150110259646177,0.09530755876246648,0.5145664969963769,0.66864395812119,-1.0366534635848228,-0.9096469726884515,4.050989991209657,1,-0.33069296718658425,-0.7233713309404814,-0.966162942806338,1.7759501729070324,0,1.2336716632883937
956,29.49782322616903,0,0.9043483091819423,-0.2903439600965613,-1.8788196900917287,0.00072475084580779,-0.28382296816617963,-1.4406394830470428,0.17350807652626138,-0.9589079490795784,1.7136354181674527,0,-0.1504117471430316,0.3584836116128928,-1.2969244487525748,0.20607021643348075,1,1.7823337247804576
957,52.963586560529045,0,0.9072658672788888,-2.5517737819307236,2.1765911156212714,0.5048533523873338,-1.7157103938929184,0.5843518586117078,0.1587891780607298,0.854029454821116,3.833936748822059,0,0.32443121174901074,-1.522666281407824,2.5763011257156805,2.1627062524569203,0,1.0104709633612259
958,55.65396564038806,0,-0.942288491151671,0.10159930959214931,-0.1724808904023956,-1.1713525391582664,0.738717009045565,0.3639536371120216,0.4842796890856797,-0.999195836656043,3.8152570451774253,1,-0.9596506156436392,3.254672847915553,-0.41182058597314986,-0.5934487710063416,0,0.8323688789957391
959,43.30794394535551,0,-1.0833629328018655,-0.6110253518627314,-1.134830521092933,-0.05480349282456941,-0.5922949664128054,0.5238906336120932,-2.6403021489381304,0.16428507135032772,1.075619557179372,0,-1.4466382658909567,-1.4460729937481074,-0.8989610671778501,0.27027039598920327,1,2.2217583000136436
960,50.43250542898353,0,-0.8483261989557925,0.5857534389664856,-0.7180808745067481,-0.8772852158532781,0.24893251237905745,-0.8044748069242436,-0.822303657431672,0.5625359195546941,-0.5376340131448107,0,-1.4412441396309208,1.8048064258050296,-1.1213908636355936,-1.3004390370928638,0,-0.240811777367748
961,31.361157006992524,1,0.8838995651173138,0.2595855009771647,0.9399265734820884,0.281271208475881,0.3185610862572316,-0.2242067532903354,0.38701712642733355,0.774685590176338,1.2954545886411812,1,0.013589697658101585,0.0032489158688033815,1.0445045810069498,0.8917130191241212,1,1.995895636410598
962,37.70030938320227,1,0.8825936819558614,-0.7947700273644687,1.0750743752063896,1.676160826712,1.2171269249938077,1.2632560318682722,1.1625494200745161,0.643355120962321,2.4307097247279574,1,1.3802634453640077,1.1381932345617656,0.8392589140527178,1.6920416760580608,1,2.0298123902352083
963,46.75764651759473,0,0.32063120599509093,0.4671751996563098,0.47708509361970897,0.8068198092385035,0.022515441145200314,-1.5623340580691756,0.29786549055471734,-1.602478249772623,1.3960410858514947,1,1.3477434348582942,0.7023276482826389,-1.5266477013436157,0.7769230107640439,1,2.048498063399437
964,46.902488559838936,1,0.2968824466652803,-0.48548025024048613,-0.7355512271688321,-0.4723271036223007,-3.6854992064512015,0.2064607086275499,-0.8005931444330777,0.2424163589071041,0.7198584585220391,0,-0.49152031400677154,-3.6776143464228683,-0.5815495081151945,-0.46773054713915724,0,0.02482231290811113
965,53.516793717496014,0,-1.6513927294478723,-0.6874393870023698,0.6893115338753901,0.25725855530295766,0.6247695878759618,-0.4328558134089007,-0.14474912157364053,-1.174767232984383,2.1762083876650893,0,1.0322647949275898,0.6181762813083984,-1.6586349024325662,4.179772625522753,0,-0.053504781109314635
966,38.1307461347059,0,0.3190286685392816,-1.4613924377910017,0.2691588744649528,0.18367932696204817,-0.8585100791711854,-0.15549674781075826,0.961206292328551,-1.388939879499804,1.4849003268256706,1,1.1838300944553786,-0.40640933521404415,-1.4612700673109662,1.472321393928175,1,3.708072400716265
967,46.58793935379327,1,-1.5733383768314881,0.4387687191817556,0.17631964731515365,-1.318762651434719,-1.5306596787722606,0.28985988822079967,0.7678327665146888,0.8680700737741112,0.39707500571758575,0,-1.9422460135313147,-1.0866576676564295,0.9382529712673332,-2.829364995654208,0,1.5730414915296196
968,45.102202195865914,0,0.825677690540978,-0.15145220346287422,0.08244853124798932,2.1422459407878707,-0.9487201744051592,-1.0943316960872633,0.736122178640267,0.5955322523896294,1.8401624020670184,1,2.239448115174569,-0.6463151616886824,-2.1008663452614615,0.8024206803442419,1,4.000754166173584
969,55.28010473979208,0,-0.3152504179395398,-0.5154540354798474,-0.25004399630703655,0.5828510292685993,-2.275703804041721,0.536810555170467,1.3259796445101444,1.7229291643082703,1.5295116331908107,0,-0.590546769296048,-2.32868571394921,0.07666674892148073,1.956210383517287,0,0.5303027711046845
970,64.21042768368332,0,0.2422968133686014,-1.565753517705001,0.1509795957754981,0.9847633822349684,0.7336123901832177,-1.0826760274928535,1.5430112433980803,-1.274194134612335,3.0030836273408386,1,1.411721512617218,1.2258286129005467,-1.853350236980425,1.5948834324695274,1,0.5792371116049233
971,67.20920319810075,0,-0.21341039263913958,1.0993988211756134,-0.5256450021095134,-0.7932829592990707,-1.1446289039736193,-0.2505978958298685,-1.1331928316685307,-0.365768937909978,3.1774897480788913,1,-1.3566527569833857,-0.13368594793778932,-0.6056314538647497,-0.34108682031886006,0,1.1438970544141018
972,34.31559953168642,0,-0.08020001395459285,-0.2824133682697197,0.6599566110429794,-1.235614150804163,0.7878386563012864,-1.664905532550154,-0.6640743010939819,-0.018435974016322087,1.978997195861215,0,-0.6337136077810136,1.094897400483763,-1.2465300934595662,-2.003965658876169,0,1.0253178742086821
973,49.519858082495425,0,-1.1138427882153292,0.34048613777685605,0.23646267614704436,-0.5183579687129102,-0.12822358678854792,-0.01544352818860293,1.2810157894931418,-1.7070708251688367,0.4989676940744984,0,-2.2461236010253685,0.6059733372072772,-0.9135474780076939,-0.7887055213000674,0,0.3726370477233039
974,38.87470689755234,1,-0.16879758805784265,0.30545113721577893,1.9393347922947892,0.09844521804970702,-0.1753969937969759,-1.3375898590924495,-1.5473744873906121,-2.1883120360824595,2.1908991465677996,1,-1.2916166310590498,-0.5314817315372982,-1.700364293296557,0.40735482766820486,1,1.835065550935517
975,49.3525504851376,0,-0.06307128280046884,-1.3729046231804403,-1.1938131901832938,-0.17489591045442934,0.6106208910803355,0.358417744876085,0.9891470497567033,-0.8173324802594119,1.156009590686737,1,-0.06438793010619247,0.6611472772488837,1.3124919768154264,0.0385283525774629,0,0.9336873620224522
976,54.22919279615949,1,0.2066545915240505,0.6874615049974057,1.248530015723781,-1.035259377500433,-2.844820408703034,1.9580694789351878,-1.4951767578609994,1.1959026052678667,2.2249527269843585,1,-0.2076874561217339,-4.300742396101805,2.5525978965819607,0.11543252156908862,1,1.4648552892061026
977,50.814908987034116,0,0.5446477154117998,-0.2549268114372224,-0.9026168211971621,0.7478449867756068,0.6558658100534521,-0.40819825752146627,1.1337607660355653,-0.5060535698616853,2.09023482601661,1,2.266828459668363,0.9840428366484768,0.3914298828776036,0.9212995784188627,0,2.392076750874822
978,49.50988301205539,1,0.48033765092179165,-0.20253819490820205,-0.5776587962830496,-0.5919762720169925,0.18748425539758973,-0.9718925947919672,0.11957891788605142,-0.14797999370606987,0.7503609225234132,0,-0.9707313002092851,1.9369705478694494,-0.5417098318981676,0.1111739958332918,0,0.4693099551373774
979,64.83039174765301,0,0.26963435496943244,-1.9407314131872768,-0.1006602734753939,1.415412591655475,1.0219535639300175,-0.34849587130540405,0.16507593780402102,-0.42556616987826834,2.39174240766441,1,0.7648582325242416,2.493770796307357,0.35369195893640093,0.032859450990203154,1,1.822068614238283
980,57.20989391703909,0,-0.6523110386802412,1.2267218734078904,1.5616081010959866,-0.19356801773288143,-0.4361891859677427,0.23570641663609115,0.37927726277115564,-0.36122150337838715,1.6933302808104613,1,-0.15375114721660346,-0.7550287792345791,0.18347909919654173,0.963340351255711,0,-0.35548610760248756
981,47.27345538462216,0,-1.2995028899867915,0.10290037985427986,-0.8754438751305442,-0.3582549685517377,0.36725931444285237,-1.210124586855785,-0.9275358048133412,-0.6518839560882472,1.8390126377748457,1,-0.56472740175237,0.508088423882793,-2.3143902234413076,-1.0183368897040874,1,0.22870518725532252
982,50.242113608952934,0,-1.0024159710020464,-0.21583141260720826,1.0448156406763807,-0.1747828668325812,-0.8009384203586959,-0.18612758081752936,1.3316697224697465,-0.5623107047321789,2.9704583198991035,1,-0.9619179508887212,0.7824959589833809,-0.6459637288198444,0.33364864436534275,1,0.02922627253679666
983,58.708978067893995,1,-0.8175109403989484,-0.6946358070639764,0.9932886990950321,-0.10456987813089098,0.6221135337468632,1.919534925144428,1.191094948149481,-1.38338163673495,3.76707095283228,1,-0.20426742807882042,-0.11661921574317424,2.4896626467875667,0.21591332303380617,1,1.1863461334944547
984,56.09790506039279,1,0.8463467718509441,-0.05842633845140876,1.220721083080104,0.2899801611075576,0.7722970072045903,0.6074836511640329,-1.9828161230139063,-0.6919253874261803,1.918369258294786,1,0.5108721842716462,1.7047315415506086,0.9258456899263785,3.428811180944156,1,2.3686729006959846
985,45.74923896299178,1,1.0755338488207435,0.6383570587548862,-0.6160988576113999,-1.1562085209910142,-2.662020540358195,-0.9808201923345478,1.8936390562804983,2.263837334735216,0.7338716493092561,1,-2.6789579661823377,-3.1792066277724977,-1.0442574209912108,-0.558793077065038,0,2.4999633249290216
986,32.247571588964306,1,-0.7965111960903608,-0.08204228986653561,0.8339976079018142,1.860163367484129,0.3297455718300389,0.1457483365994029,-0.9272860998256587,0.3986087386672684,0.9765729226760782,1,3.5735903949995693,1.3370216589856283,0.4092574389203574,1.8065213793046695,1,3.1040973754848538
987,38.1534250722731,1,-1.1600097665784537,0.47152752144916493,0.026735373747835595,0.769152932189602,-0.9757430841658008,-0.3301723843437412,-1.3745251731504005,0.8762780856115111,0.41927956892233664,1,0.8372304165252961,-0.6550892655788141,1.0295343830100863,-0.41679468152088195,1,1.3433780656461614
988,51.45979225013515,1,-1.6225487822874247,-1.094015741247235,0.48282404723520034,1.333513841789074,-0.2087696485962105,-0.5910012610358938,-1.2409374424737427,-0.21399098272025888,0.601380146893288,1,1.4873705245767674,1.0647075864236624,-0.28153333428338745,-0.34509781505098713,0,2.1960122392002397
989,32.134731473209946,0,-0.623700657591065,-1.832323894488196,-0.4202977293134963,-1.2134051225010705,-0.24763264998243928,-0.9423816792405721,0.7042455797125868,-0.4916742272964074,0.8119692211104479,0,-1.8171827101226445,0.8945395440546873,0.4021686615477045,-0.6505129033814513,0,0.5262474291182884
990,48.47605501983572,0,0.4157107543398722,-0.7795192472975702,-1.9379048486563348,0.40684425963404103,0.20603188921549734,1.8653565076561063,-3.316010416623291,0.2396553887522784,1.6921576920790065,1,0.3785972264108851,0.5709521966163695,1.0290320070122583,1.631380026431547,1,1.3201455292419528
991,45.464308238124715,1,-1.0876416789410301,-0.35947243935155915,0.20108301939555215,0.9445519638073744,0.4600120395585675,-2.4160537914647864,-0.5262484007033333,-1.1174658725054398,-0.09250529312122013,0,-0.2748159580263264,0.4703826712856062,-3.5335647148598786,0.4396875290832033,0,-0.6764197525580624
992,59.99252803047203,0,1.1861365955010412,-1.0386453678099217,0.7941824591117983,1.4825182234591863,-0.2692033397379376,0.8886938865168942,-0.5908942688847966,2.121399591207719,1.823735298735272,0,1.3584709560620685,-1.0050839396606361,2.1393289224316634,1.1496570656267335,1,3.7662508393650347
993,36.81956176524544,0,0.36667860303049105,-0.07252360390377292,0.92531795256059,-1.7450545411560985,-0.6021494949330702,-0.5215155965955971,-0.4330611848124613,-0.7200209356178648,2.957443987607119,0,-1.2322508151666085,-1.36345423661262,-0.09015028062969138,0.04613193024792425,0,-0.2892437362488309
994,30.682310210990114,1,1.0661042664241873,-0.26875430589134386,0.3696082492833304,-0.8918773170881076,-0.6500981334888756,1.4139064292087975,-1.455422812254624,0.9609189178123099,1.2665260037873316,0,-1.4758953937547554,-0.4697408674222669,2.305792612134885,0.7693496573876903,0,0.2394913859230985
995,45.80359258389892,1,-0.7965284141498844,-1.8855500631930378,-0.35485498753667877,-0.3480530672880842,-1.4482083631762133,-1.2773411781957642,-0.03928146698206812,-0.8681929505488408,0.8522874710110234,1,-0.1469958833898861,-1.2201886467074732,-0.6347984798786046,-0.6645935158987428,0,-0.4372393987016212
996,56.347631315935224,0,0.7121158252687982,0.7389302036261036,-0.7475156417526588,0.3587459345339118,-1.8767746934446823,0.5347352899761054,0.06992220054153872,0.6203516890534728,4.200834610548185,1,0.07014970430035805,-2.0513748526673976,-1.0841668344538273,3.690175585444492,1,0.9374286782694934
997,60.699185989273516,0,-1.1093289278497418,-0.2266840696844165,0.8227944248417202,-1.1321659299041544,1.2516874607974846,1.0547124277478832,-0.48383199207158173,0.31656592501794556,1.131888221173362,0,-2.429932900377546,0.8292443405778545,0.23393097445553013,-1.9453096954378248,0,0.9409857940866386
998,40.90672983440057,0,0.6918098770528872,-1.1541089383661558,0.9088628869369345,1.2257366407510166,-1.4295214436873325,0.0962719725782921,1.0973796169553627,-0.5196468347609493,1.6157992904292324,1,1.6815923449156838,-0.13236156111923147,0.08540658793699082,-0.10772097505944567,1,2.2253942632681665
999,54.70263747596186,0,1.4407430514624302,-1.5195952284238334,-0.03888465933546536,-1.0069356784978722,1.5948908837464324,0.2881808457377792,-0.9926656616212023,0.911277985939372,1.3004432171127995,1,0.7947148345679897,2.475866804771287,-1.191085905576728,3.170638952052172,1,3.2569687870971453
1000,38.88569552237645,1,1.426170276836913,2.27914752091873,0.25910004337763637,-1.9556886930091317,-1.1032040026098802,-0.8500005099318967,-0.23207067046824104,-0.6640262839791841,3.5114207607039853,0,-2.321652466690959,-0.7707030751772393,-1.2250362736461038,0.09629406498103288,0,0.8034575201070231
